league.year,league.name,person.ref,person.name.last,person.name.given,person.bats,person.throws,phase.name,S_STINT,entry.name,S_FIRST,S_LAST,B_G,B_AB,B_R,B_ER,B_H,B_TB,B_1B,B_2B,B_3B,B_HR,B_RBI,B_BB,B_IBB,B_SO,B_GDP,B_HP,B_SH,B_SF,B_SB,B_CS,B_AVG,B_AVG_RANK,P_G,P_GS,P_CG,P_SHO,P_TO,P_GF,P_W,P_L,P_T,P_PCT,P_IP,P_TBF,P_AB,P_R,P_ER,P_H,P_HR,P_BB,P_IBB,P_SO,P_HP,P_SH,P_WP,P_BK,P_SB,P_ERA,P_ERA_RANK,F_1B_POS,F_1B_G,F_1B_TC,F_1B_PO,F_1B_A,F_1B_E,F_1B_DP,F_1B_TP,F_1B_PCT,F_2B_POS,F_2B_G,F_2B_TC,F_2B_PO,F_2B_A,F_2B_E,F_2B_DP,F_2B_TP,F_2B_PCT,F_3B_POS,F_3B_G,F_3B_TC,F_3B_PO,F_3B_A,F_3B_E,F_3B_DP,F_3B_TP,F_3B_PCT,F_SS_POS,F_SS_G,F_SS_TC,F_SS_PO,F_SS_A,F_SS_E,F_SS_DP,F_SS_TP,F_SS_PCT,F_OF_POS,F_OF_G,F_OF_TC,F_OF_PO,F_OF_A,F_OF_E,F_OF_DP,F_OF_TP,F_OF_PCT,F_LF_POS,F_LF_G,F_LF_TC,F_LF_PO,F_LF_A,F_LF_E,F_LF_DP,F_LF_TP,F_LF_PCT,F_CF_POS,F_CF_G,F_CF_TC,F_CF_PO,F_CF_A,F_CF_E,F_CF_DP,F_CF_TP,F_CF_PCT,F_RF_POS,F_RF_G,F_RF_TC,F_RF_PO,F_RF_A,F_RF_E,F_RF_DP,F_RF_TP,F_RF_PCT,F_C_POS,F_C_G,F_C_INN,F_C_TC,F_C_PO,F_C_A,F_C_E,F_C_DP,F_C_TP,F_C_PB,F_C_SB,F_C_CS,F_C_PCT,F_P_POS,F_P_G,F_P_TC,F_P_PO,F_P_A,F_P_E,F_P_DP,F_P_TP,F_P_PCT,F_ALL_G,F_ALL_TC,F_ALL_PO,F_ALL_A,F_ALL_E,F_ALL_DP,F_ALL_TP,F_ALL_PCT
1896,Canadian League,B00013,Allen,,,,regular,0,Galt,,,7,32,3,,5,,,0,0,0,,,,,,,,,,,0.156,,,,,,,,,,,,,,,,,,,,,,,,,,,,,,,,,,,,,,,,,,,,,,,,,,,,,,,,,,,,,,,,,,,,,,,,,,,,,,,,,,,,,,,,,,,,,,,,,,,,,,,,,,,,,,,,,,,,,,,,,,,,,,,,,,
1896,Canadian League,B00021,Baker,Wm.,,,regular,0,Hamilton,,,33,144,36,,61,,,10,4,0,,,,,,,,,,,0.424,,,,,,,,,,,,,,,,,,,,,,,,,,,,,,,,,,,,,,,,,,,,,,,,,,,,,,,,,,,,,,,,,,,,,,,,,,,,,,,,,,,,,,,,,,,,,,,,,,,,,,,,,,,,,,,,,,,,,,,,,,,,,,,,,,
1896,Canadian League,B00037,Blakey,,,,regular,0,Guelph,,,1,2,0,,1,,,0,0,0,,,,,,,,,,,0.5,,,,,,,,,,,,,,,,,,,,,,,,,,,,,,,,,,,,,,,,,,,,,,,,,,,,,,,,,,,,,,,,,,,,,,,,,,,,,,,,,,,,,,,,,,,,,,,,,,,,,,,,,,,,,,,,,,,,,,,,,,,,,,,,,,
1896,Canadian League,B00045,Bradford,George,,,regular,0,Guelph,,,26,93,14,,24,,,2,2,1,,,,,,,,,,,0.258,,,,,,,,,,,,,,,,,,,,,,,,,,,,,,,,,,,,,,,,,,,,,,,,,,,,,,,,,,,,,,,,,,,,,,,,,,,,,,,,,,,,,,,,,,,,,,,,,,,,,,,,,,,,,,,,,,,,,,,,,,,,,,,,,,
1896,Canadian League,B00059,Braham,,,,regular,0,London,,,2,8,1,,1,,,0,0,0,,,,,,,,,,,0.125,,,,,,,,,,,,,,,,,,,,,,,,,,,,,,,,,,,,,,,,,,,,,,,,,,,,,,,,,,,,,,,,,,,,,,,,,,,,,,,,,,,,,,,,,,,,,,,,,,,,,,,,,,,,,,,,,,,,,,,,,,,,,,,,,,
1896,Canadian League,B00068,Burnett,,,,regular,0,Galt,,,2,8,1,,2,,,0,0,0,,,,,,,,,,,0.25,,,,,,,,,,,,,,,,,,,,,,,,,,,,,,,,,,,,,,,,,,,,,,,,,,,,,,,,,,,,,,,,,,,,,,,,,,,,,,,,,,,,,,,,,,,,,,,,,,,,,,,,,,,,,,,,,,,,,,,,,,,,,,,,,,
1896,Canadian League,B00076,Carney,Mike,,,regular,0,Guelph,,,17,55,8,,10,,,2,0,0,,,,,,,,,,,0.182,,,,,,,,,,,,,,,,,,,,,,,,,,,,,,,,,,,,,,,,,,,,,,,,,,,,,,,,,,,,,,,,,,,,,,,,,,,,,,,,,,,,,,,,,,,,,,,,,,,,,,,,,,,,,,,,,,,,,,,,,,,,,,,,,,
1896,Canadian League,B00084,Chambers,Joe,,,regular,0,Hamilton,,,3,13,2,,1,,,0,0,0,,,,,,,,,,,0.077,,,,,,,,,,,,,,,,,,,,,,,,,,,,,,,,,,,,,,,,,,,,,,,,,,,,,,,,,,,,,,,,,,,,,,,,,,,,,,,,,,,,,,,,,,,,,,,,,,,,,,,,,,,,,,,,,,,,,,,,,,,,,,,,,,
1896,Canadian League,B00092,Clark,Leroy,,,regular,1,Galt,,,,,,,,,,,,,,,,,,,,,,,,,,,,,,,,,,,,,,,,,,,,,,,,,,,,,,,,,,,,,,,,,,,,,,,,,,,,,,,,,,,,,,,,,,,,,,,,,,,,,,,,,,,,,,,,,,,,,,,,,,,,,,,,,,,,,,,,,,,,,,,,,,,,,,,,,
1896,Canadian League,B00092,Clark,Leroy,,,regular,2,London,,,,,,,,,,,,,,,,,,,,,,,,,,,,,,,,,,,,,,,,,,,,,,,,,,,,,,,,,,,,,,,,,,,,,,,,,,,,,,,,,,,,,,,,,,,,,,,,,,,,,,,,,,,,,,,,,,,,,,,,,,,,,,,,,,,,,,,,,,,,,,,,,,,,,,,,,
1896,Canadian League,B00092,Clark,Leroy,,,regular,T,,,,10,36,3,,7,,,0,0,0,,,,,,,,,,,0.194,,,,,,,,,,,,,,,,,,,,,,,,,,,,,,,,,,,,,,,,,,,,,,,,,,,,,,,,,,,,,,,,,,,,,,,,,,,,,,,,,,,,,,,,,,,,,,,,,,,,,,,,,,,,,,,,,,,,,,,,,,,,,,,,,,
1896,Canadian League,B00101,Cockman,Jim,,,regular,0,Guelph,,,16,66,17,,17,,,1,0,0,,,,,,,,,,,0.258,,,,,,,,,,,,,,,,,,,,,,,,,,,,,,,,,,,,,,,,,,,,,,,,,,,,,,,,,,,,,,,,,,,,,,,,,,,,,,,,,,,,,,,,,,,,,,,,,,,,,,,,,,,,,,,,,,,,,,,,,,,,,,,,,,
1896,Canadian League,B00117,Cockman,Tom,,,regular,0,Galt,,,19,87,23,,29,,,3,1,0,,,,,,,,,,,0.333,,,,,,,,,,,,,,,,,,,,,,,,,,,,,,,,,,,,,,,,,,,,,,,,,,,,,,,,,,,,,,,,,,,,,,,,,,,,,,,,,,,,,,,,,,,,,,,,,,,,,,,,,,,,,,,,,,,,,,,,,,,,,,,,,,
1896,Canadian League,B00125,Collins,Charles,,,regular,0,Galt,,,17,63,15,,21,,,6,0,2,,,,,,,,,,,0.333,,,,,,,,,,,,,,,,,,,,,,,,,,,,,,,,,,,,,,,,,,,,,,,,,,,,,,,,,,,,,,,,,,,,,,,,,,,,,,,,,,,,,,,,,,,,,,,,,,,,,,,,,,,,,,,,,,,,,,,,,,,,,,,,,,
1896,Canadian League,B00130,Congalton,Wm.,,,regular,0,Guelph,,,31,110,23,,28,,,4,3,2,,,,,,,,,,,0.215,,,,,,,,,,,,,,,,,,,,,,,,,,,,,,,,,,,,,,,,,,,,,,,,,,,,,,,,,,,,,,,,,,,,,,,,,,,,,,,,,,,,,,,,,,,,,,,,,,,,,,,,,,,,,,,,,,,,,,,,,,,,,,,,,,
1896,Canadian League,B00149,Crall,,,,regular,0,Galt,,,25,105,22,,38,,,4,1,1,,,,,,,,,,,0.362,,,,,,,,,,,,,,,,,,,,,,,,,,,,,,,,,,,,,,,,,,,,,,,,,,,,,,,,,,,,,,,,,,,,,,,,,,,,,,,,,,,,,,,,,,,,,,,,,,,,,,,,,,,,,,,,,,,,,,,,,,,,,,,,,,
1896,Canadian League,B00158,Dark,,,,regular,0,Guelph,,,35,153,46,,45,,,3,4,0,,,,,,,,,,,0.27,,,,,,,,,,,,,,,,,,,,,,,,,,,,,,,,,,,,,,,,,,,,,,,,,,,,,,,,,,,,,,,,,,,,,,,,,,,,,,,,,,,,,,,,,,,,,,,,,,,,,,,,,,,,,,,,,,,,,,,,,,,,,,,,,,
1896,Canadian League,B00163,Davidson,,,,regular,0,Galt,,,1,5,4,,2,,,0,0,0,,,,,,,,,,,0.4,,,,,,,,,,,,,,,,,,,,,,,,,,,,,,,,,,,,,,,,,,,,,,,,,,,,,,,,,,,,,,,,,,,,,,,,,,,,,,,,,,,,,,,,,,,,,,,,,,,,,,,,,,,,,,,,,,,,,,,,,,,,,,,,,,
1896,Canadian League,B00174,Dean,Jim,,,regular,0,Hamilton,,,33,148,31,,35,,,4,0,0,,,,,,,,,,,0.236,,,,,,,,,,,,,,,,,,,,,,,,,,,,,,,,,,,,,,,,,,,,,,,,,,,,,,,,,,,,,,,,,,,,,,,,,,,,,,,,,,,,,,,,,,,,,,,,,,,,,,,,,,,,,,,,,,,,,,,,,,,,,,,,,,
1896,Canadian League,B00182,Delaney,James,,,regular,1,Guelph,,,,,,,,,,,,,,,,,,,,,,,,,,,,,,,,,,,,,,,,,,,,,,,,,,,,,,,,,,,,,,,,,,,,,,,,,,,,,,,,,,,,,,,,,,,,,,,,,,,,,,,,,,,,,,,,,,,,,,,,,,,,,,,,,,,,,,,,,,,,,,,,,,,,,,,,,
1896,Canadian League,B00182,Delaney,James,,,regular,2,London,,,,,,,,,,,,,,,,,,,,,,,,,,,,,,,,,,,,,,,,,,,,,,,,,,,,,,,,,,,,,,,,,,,,,,,,,,,,,,,,,,,,,,,,,,,,,,,,,,,,,,,,,,,,,,,,,,,,,,,,,,,,,,,,,,,,,,,,,,,,,,,,,,,,,,,,,
1896,Canadian League,B00182,Delaney,James,,,regular,T,,,,31,124,28,,29,,,4,1,0,,,,,,,,,,,0.234,,,,,,,,,,,,,,,,,,,,,,,,,,,,,,,,,,,,,,,,,,,,,,,,,,,,,,,,,,,,,,,,,,,,,,,,,,,,,,,,,,,,,,,,,,,,,,,,,,,,,,,,,,,,,,,,,,,,,,,,,,,,,,,,,,
1896,Canadian League,B00196,Fisher,Roy,,,regular,0,London,,,10,31,3,,7,,,1,0,0,,,,,,,,,,,0.226,,,,,,,,,,,,,,,,,,,,,,,,,,,,,,,,,,,,,,,,,,,,,,,,,,,,,,,,,,,,,,,,,,,,,,,,,,,,,,,,,,,,,,,,,,,,,,,,,,,,,,,,,,,,,,,,,,,,,,,,,,,,,,,,,,
1896,Canadian League,B00207,Gallager,,,,regular,0,Guelph,,,14,53,9,,13,,,2,1,0,,,,,,,,,,,0.226,,,,,,,,,,,,,,,,,,,,,,,,,,,,,,,,,,,,,,,,,,,,,,,,,,,,,,,,,,,,,,,,,,,,,,,,,,,,,,,,,,,,,,,,,,,,,,,,,,,,,,,,,,,,,,,,,,,,,,,,,,,,,,,,,,
1896,Canadian League,B00210,Hanley,,,,regular,0,Guelph,,,15,51,14,,12,,,2,0,0,,,,,,,,,,,0.235,,,,,,,,,,,,,,,,,,,,,,,,,,,,,,,,,,,,,,,,,,,,,,,,,,,,,,,,,,,,,,,,,,,,,,,,,,,,,,,,,,,,,,,,,,,,,,,,,,,,,,,,,,,,,,,,,,,,,,,,,,,,,,,,,,
1896,Canadian League,B00229,Hewer,James,,,regular,0,Guelph,,,23,91,9,,16,,,1,0,0,,,,,,,,,,,0.176,,,,,,,,,,,,,,,,,,,,,,,,,,,,,,,,,,,,,,,,,,,,,,,,,,,,,,,,,,,,,,,,,,,,,,,,,,,,,,,,,,,,,,,,,,,,,,,,,,,,,,,,,,,,,,,,,,,,,,,,,,,,,,,,,,
1896,Canadian League,B00232,Hickey,,,,regular,0,Galt,,,7,30,3,,7,,,1,0,0,,,,,,,,,,,0.233,,,,,,,,,,,,,,,,,,,,,,,,,,,,,,,,,,,,,,,,,,,,,,,,,,,,,,,,,,,,,,,,,,,,,,,,,,,,,,,,,,,,,,,,,,,,,,,,,,,,,,,,,,,,,,,,,,,,,,,,,,,,,,,,,,
1896,Canadian League,B00241,Hiscott,A.,,,regular,1,London,,,,,,,,,,,,,,,,,,,,,,,,,,,,,,,,,,,,,,,,,,,,,,,,,,,,,,,,,,,,,,,,,,,,,,,,,,,,,,,,,,,,,,,,,,,,,,,,,,,,,,,,,,,,,,,,,,,,,,,,,,,,,,,,,,,,,,,,,,,,,,,,,,,,,,,,,
1896,Canadian League,B00241,Hiscott,A.,,,regular,2,Hamilton,,,,,,,,,,,,,,,,,,,,,,,,,,,,,,,,,,,,,,,,,,,,,,,,,,,,,,,,,,,,,,,,,,,,,,,,,,,,,,,,,,,,,,,,,,,,,,,,,,,,,,,,,,,,,,,,,,,,,,,,,,,,,,,,,,,,,,,,,,,,,,,,,,,,,,,,,
1896,Canadian League,B00241,Hiscott,A.,,,regular,T,,,,4,18,1,,2,,,0,0,0,,,,,,,,,,,0.111,,,,,,,,,,,,,,,,,,,,,,,,,,,,,,,,,,,,,,,,,,,,,,,,,,,,,,,,,,,,,,,,,,,,,,,,,,,,,,,,,,,,,,,,,,,,,,,,,,,,,,,,,,,,,,,,,,,,,,,,,,,,,,,,,,
1896,Canadian League,B00255,Hoffner,,,,regular,0,Hamilton,,,27,108,19,,24,,,5,0,0,,,,,,,,,,,0.222,,,,,,,,,,,,,,,,,,,,,,,,,,,,,,,,,,,,,,,,,,,,,,,,,,,,,,,,,,,,,,,,,,,,,,,,,,,,,,,,,,,,,,,,,,,,,,,,,,,,,,,,,,,,,,,,,,,,,,,,,,,,,,,,,,
1896,Canadian League,B00264,Humphrey,Frank,,,regular,1,Galt,,,,,,,,,,,,,,,,,,,,,,,,,,,,,,,,,,,,,,,,,,,,,,,,,,,,,,,,,,,,,,,,,,,,,,,,,,,,,,,,,,,,,,,,,,,,,,,,,,,,,,,,,,,,,,,,,,,,,,,,,,,,,,,,,,,,,,,,,,,,,,,,,,,,,,,,,
1896,Canadian League,B00264,Humphrey,Frank,,,regular,2,London,,,,,,,,,,,,,,,,,,,,,,,,,,,,,,,,,,,,,,,,,,,,,,,,,,,,,,,,,,,,,,,,,,,,,,,,,,,,,,,,,,,,,,,,,,,,,,,,,,,,,,,,,,,,,,,,,,,,,,,,,,,,,,,,,,,,,,,,,,,,,,,,,,,,,,,,,
1896,Canadian League,B00264,Humphrey,Frank,,,regular,T,,,,32,143,36,,44,,,5,2,2,,,,,,,,,,,0.308,,,,,,,,,,,,,,,,,,,,,,,,,,,,,,,,,,,,,,,,,,,,,,,,,,,,,,,,,,,,,,,,,,,,,,,,,,,,,,,,,,,,,,,,,,,,,,,,,,,,,,,,,,,,,,,,,,,,,,,,,,,,,,,,,,
1896,Canadian League,B00278,Hutchinson,James,,,regular,0,London,,,13,62,12,,18,,,2,1,0,,,,,,,,,,,0.29,,,,,,,,,,,,,,,,,,,,,,,,,,,,,,,,,,,,,,,,,,,,,,,,,,,,,,,,,,,,,,,,,,,,,,,,,,,,,,,,,,,,,,,,,,,,,,,,,,,,,,,,,,,,,,,,,,,,,,,,,,,,,,,,,,
1896,Canadian League,B00286,Hynd,Wm.,,,regular,0,London,,,29,117,38,,32,,,7,5,1,,,,,,,,,,,0.341,,,,,,,,,,,,,,,,,,,,,,,,,,,,,,,,,,,,,,,,,,,,,,,,,,,,,,,,,,,,,,,,,,,,,,,,,,,,,,,,,,,,,,,,,,,,,,,,,,,,,,,,,,,,,,,,,,,,,,,,,,,,,,,,,,
1896,Canadian League,B00293,Jacob,Carl,,,regular,0,London,,,1,3,0,,0,,,0,0,0,,,,,,,,,,,0.0,,,,,,,,,,,,,,,,,,,,,,,,,,,,,,,,,,,,,,,,,,,,,,,,,,,,,,,,,,,,,,,,,,,,,,,,,,,,,,,,,,,,,,,,,,,,,,,,,,,,,,,,,,,,,,,,,,,,,,,,,,,,,,,,,,
1896,Canadian League,B00308,Jennings,,,,regular,0,Galt,,,13,54,10,,18,,,3,0,0,,,,,,,,,,,0.333,,,,,,,,,,,,,,,,,,,,,,,,,,,,,,,,,,,,,,,,,,,,,,,,,,,,,,,,,,,,,,,,,,,,,,,,,,,,,,,,,,,,,,,,,,,,,,,,,,,,,,,,,,,,,,,,,,,,,,,,,,,,,,,,,,
1896,Canadian League,B00319,Jones,Ernie,,,regular,0,,,,13,60,9,,13,,,1,0,0,,,,,,,,,,,0.217,,,,,,,,,,,,,,,,,,,,,,,,,,,,,,,,,,,,,,,,,,,,,,,,,,,,,,,,,,,,,,,,,,,,,,,,,,,,,,,,,,,,,,,,,,,,,,,,,,,,,,,,,,,,,,,,,,,,,,,,,,,,,,,,,,
1896,Canadian League,B00324,Knowlton,E. B.,,,regular,0,Hamilton,,,1,4,0,,0,,,0,0,0,,,,,,,,,,,0.0,,,,,,,,,,,,,,,,,,,,,,,,,,,,,,,,,,,,,,,,,,,,,,,,,,,,,,,,,,,,,,,,,,,,,,,,,,,,,,,,,,,,,,,,,,,,,,,,,,,,,,,,,,,,,,,,,,,,,,,,,,,,,,,,,,
1896,Canadian League,B00335,Lauer,August,,,regular,0,Guelph,,,35,154,46,,47,,,7,4,0,,,,,,,,,,,0.305,,,,,,,,,,,,,,,,,,,,,,,,,,,,,,,,,,,,,,,,,,,,,,,,,,,,,,,,,,,,,,,,,,,,,,,,,,,,,,,,,,,,,,,,,,,,,,,,,,,,,,,,,,,,,,,,,,,,,,,,,,,,,,,,,,
1896,Canadian League,B00343,Lyons,John,,,regular,0,Galt,,,25,102,28,,34,,,7,5,4,,,,,,,,,,,0.333,,,,,,,,,,,,,,,,,,,,,,,,,,,,,,,,,,,,,,,,,,,,,,,,,,,,,,,,,,,,,,,,,,,,,,,,,,,,,,,,,,,,,,,,,,,,,,,,,,,,,,,,,,,,,,,,,,,,,,,,,,,,,,,,,,
1896,Canadian League,B00356,MacDonald,Tom,,,regular,1,Galt,,,,,,,,,,,,,,,,,,,,,,,,,,,,,,,,,,,,,,,,,,,,,,,,,,,,,,,,,,,,,,,,,,,,,,,,,,,,,,,,,,,,,,,,,,,,,,,,,,,,,,,,,,,,,,,,,,,,,,,,,,,,,,,,,,,,,,,,,,,,,,,,,,,,,,,,,
1896,Canadian League,B00356,MacDonald,Tom,,,regular,2,Hamilton,,,,,,,,,,,,,,,,,,,,,,,,,,,,,,,,,,,,,,,,,,,,,,,,,,,,,,,,,,,,,,,,,,,,,,,,,,,,,,,,,,,,,,,,,,,,,,,,,,,,,,,,,,,,,,,,,,,,,,,,,,,,,,,,,,,,,,,,,,,,,,,,,,,,,,,,,
1896,Canadian League,B00356,MacDonald,Tom,,,regular,T,,,,36,135,26,,44,,,0,3,1,,,,,,,,,,,0.303,,,,,,,,,,,,,,,,,,,,,,,,,,,,,,,,,,,,,,,,,,,,,,,,,,,,,,,,,,,,,,,,,,,,,,,,,,,,,,,,,,,,,,,,,,,,,,,,,,,,,,,,,,,,,,,,,,,,,,,,,,,,,,,,,,
1896,Canadian League,B00362,Mallott,,,,regular,0,Hamilton,,,22,85,22,,27,,,5,0,0,,,,,,,,,,,0.318,,,,,,,,,,,,,,,,,,,,,,,,,,,,,,,,,,,,,,,,,,,,,,,,,,,,,,,,,,,,,,,,,,,,,,,,,,,,,,,,,,,,,,,,,,,,,,,,,,,,,,,,,,,,,,,,,,,,,,,,,,,,,,,,,,
1896,Canadian League,B00370,McCracken,George,,,regular,0,Guelph,,,15,57,13,,15,,,3,0,1,,,,,,,,,,,0.263,,,,,,,,,,,,,,,,,,,,,,,,,,,,,,,,,,,,,,,,,,,,,,,,,,,,,,,,,,,,,,,,,,,,,,,,,,,,,,,,,,,,,,,,,,,,,,,,,,,,,,,,,,,,,,,,,,,,,,,,,,,,,,,,,,
1896,Canadian League,B00381,McCowan,,,,regular,0,Galt,,,2,10,0,,1,,,0,0,0,,,,,,,,,,,0.1,,,,,,,,,,,,,,,,,,,,,,,,,,,,,,,,,,,,,,,,,,,,,,,,,,,,,,,,,,,,,,,,,,,,,,,,,,,,,,,,,,,,,,,,,,,,,,,,,,,,,,,,,,,,,,,,,,,,,,,,,,,,,,,,,,
1896,Canadian League,B00397,McDermott,,,,regular,0,Hamilton,,,3,10,2,,2,,,1,0,0,,,,,,,,,,,0.2,,,,,,,,,,,,,,,,,,,,,,,,,,,,,,,,,,,,,,,,,,,,,,,,,,,,,,,,,,,,,,,,,,,,,,,,,,,,,,,,,,,,,,,,,,,,,,,,,,,,,,,,,,,,,,,,,,,,,,,,,,,,,,,,,,
1896,Canadian League,B00403,McElroy,Wm.,,,regular,0,Guelph,,,34,151,32,,35,,,5,0,1,,,,,,,,,,,0.232,,,,,,,,,,,,,,,,,,,,,,,,,,,,,,,,,,,,,,,,,,,,,,,,,,,,,,,,,,,,,,,,,,,,,,,,,,,,,,,,,,,,,,,,,,,,,,,,,,,,,,,,,,,,,,,,,,,,,,,,,,,,,,,,,,
1896,Canadian League,B00416,McGemwell,Malcolm,,,regular,0,Hamilton,,,11,27,2,,3,,,0,0,0,,,,,,,,,,,0.074,,,,,,,,,,,,,,,,,,,,,,,,,,,,,,,,,,,,,,,,,,,,,,,,,,,,,,,,,,,,,,,,,,,,,,,,,,,,,,,,,,,,,,,,,,,,,,,,,,,,,,,,,,,,,,,,,,,,,,,,,,,,,,,,,,
1896,Canadian League,B00427,McGinnis,Charles,,,regular,1,Galt,,,,,,,,,,,,,,,,,,,,,,,,,,,,,,,,,,,,,,,,,,,,,,,,,,,,,,,,,,,,,,,,,,,,,,,,,,,,,,,,,,,,,,,,,,,,,,,,,,,,,,,,,,,,,,,,,,,,,,,,,,,,,,,,,,,,,,,,,,,,,,,,,,,,,,,,,
1896,Canadian League,B00427,McGinnis,Charles,,,regular,2,Hamliton,,,,,,,,,,,,,,,,,,,,,,,,,,,,,,,,,,,,,,,,,,,,,,,,,,,,,,,,,,,,,,,,,,,,,,,,,,,,,,,,,,,,,,,,,,,,,,,,,,,,,,,,,,,,,,,,,,,,,,,,,,,,,,,,,,,,,,,,,,,,,,,,,,,,,,,,,
1896,Canadian League,B00427,McGinnis,Charles,,,regular,T,,,,27,96,21,,24,,,4,2,1,,,,,,,,,,,0.25,,,,,,,,,,,,,,,,,,,,,,,,,,,,,,,,,,,,,,,,,,,,,,,,,,,,,,,,,,,,,,,,,,,,,,,,,,,,,,,,,,,,,,,,,,,,,,,,,,,,,,,,,,,,,,,,,,,,,,,,,,,,,,,,,,
1896,Canadian League,B00434,Mertsch,Henry,,,regular,0,London,,,22,84,16,,23,,,2,1,0,,,,,,,,,,,0.274,,,,,,,,,,,,,,,,,,,,,,,,,,,,,,,,,,,,,,,,,,,,,,,,,,,,,,,,,,,,,,,,,,,,,,,,,,,,,,,,,,,,,,,,,,,,,,,,,,,,,,,,,,,,,,,,,,,,,,,,,,,,,,,,,,
1896,Canadian League,B00442,Moore,,,,regular,0,Hamilton,,,6,24,1,,5,,,0,0,0,,,,,,,,,,,0.208,,,,,,,,,,,,,,,,,,,,,,,,,,,,,,,,,,,,,,,,,,,,,,,,,,,,,,,,,,,,,,,,,,,,,,,,,,,,,,,,,,,,,,,,,,,,,,,,,,,,,,,,,,,,,,,,,,,,,,,,,,,,,,,,,,
1896,Canadian League,B00450,Morrison,Mike,,,regular,0,Hamilton,,,30,122,36,,53,,,12,4,3,,,,,,,,,,,0.434,1,,,,,,,,,,,,,,,,,,,,,,,,,,,,,,,,,,,,,,,,,,,,,,,,,,,,,,,,,,,,,,,,,,,,,,,,,,,,,,,,,,,,,,,,,,,,,,,,,,,,,,,,,,,,,,,,,,,,,,,,,,,,,,,,,
1896,Canadian League,B00469,Murray,Bill,,,regular,0,Galt,,,3,8,0,,1,,,0,0,0,,,,,,,,,,,0.125,,,,,,,,,,,,,,,,,,,,,,,,,,,,,,,,,,,,,,,,,,,,,,,,,,,,,,,,,,,,,,,,,,,,,,,,,,,,,,,,,,,,,,,,,,,,,,,,,,,,,,,,,,,,,,,,,,,,,,,,,,,,,,,,,,
1896,Canadian League,B00475,O'Connor,Frank,,,regular,0,Hamilton,,,2,12,0,,3,,,0,0,0,,,,,,,,,,,0.25,,,,,,,,,,,,,,,,,,,,,,,,,,,,,,,,,,,,,,,,,,,,,,,,,,,,,,,,,,,,,,,,,,,,,,,,,,,,,,,,,,,,,,,,,,,,,,,,,,,,,,,,,,,,,,,,,,,,,,,,,,,,,,,,,,
1896,Canadian League,B00488,Pfeiffer,,,,regular,0,Hamilton,,,27,93,18,,23,,,3,1,0,,,,,,,,,,,0.301,,,,,,,,,,,,,,,,,,,,,,,,,,,,,,,,,,,,,,,,,,,,,,,,,,,,,,,,,,,,,,,,,,,,,,,,,,,,,,,,,,,,,,,,,,,,,,,,,,,,,,,,,,,,,,,,,,,,,,,,,,,,,,,,,,
1896,Canadian League,B00491,Pfenninger,Dan,,,regular,0,Hamilton,,,32,140,23,,33,,,6,2,1,,,,,,,,,,,0.236,,,,,,,,,,,,,,,,,,,,,,,,,,,,,,,,,,,,,,,,,,,,,,,,,,,,,,,,,,,,,,,,,,,,,,,,,,,,,,,,,,,,,,,,,,,,,,,,,,,,,,,,,,,,,,,,,,,,,,,,,,,,,,,,,,
1896,Canadian League,B00502,Phails,,,,regular,0,Galt,,,1,1,0,,0,,,0,0,0,,,,,,,,,,,0.0,,,,,,,,,,,,,,,,,,,,,,,,,,,,,,,,,,,,,,,,,,,,,,,,,,,,,,,,,,,,,,,,,,,,,,,,,,,,,,,,,,,,,,,,,,,,,,,,,,,,,,,,,,,,,,,,,,,,,,,,,,,,,,,,,,
1896,Canadian League,B00515,Philips,Mark,,,regular,0,Hamilton,,,15,53,10,,13,,,3,0,1,,,,,,,,,,,0.245,,,,,,,,,,,,,,,,,,,,,,,,,,,,,,,,,,,,,,,,,,,,,,,,,,,,,,,,,,,,,,,,,,,,,,,,,,,,,,,,,,,,,,,,,,,,,,,,,,,,,,,,,,,,,,,,,,,,,,,,,,,,,,,,,,
1896,Canadian League,B00528,Peirce,,,,regular,0,Hamilton,,,4,17,2,,3,,,0,0,0,,,,,,,,,,,0.176,,,,,,,,,,,,,,,,,,,,,,,,,,,,,,,,,,,,,,,,,,,,,,,,,,,,,,,,,,,,,,,,,,,,,,,,,,,,,,,,,,,,,,,,,,,,,,,,,,,,,,,,,,,,,,,,,,,,,,,,,,,,,,,,,,
1896,Canadian League,B00531,Player,Jack,,,regular,0,Hamilton,,,1,3,0,,0,,,0,0,0,,,,,,,,,,,0.0,,,,,,,,,,,,,,,,,,,,,,,,,,,,,,,,,,,,,,,,,,,,,,,,,,,,,,,,,,,,,,,,,,,,,,,,,,,,,,,,,,,,,,,,,,,,,,,,,,,,,,,,,,,,,,,,,,,,,,,,,,,,,,,,,,
1896,Canadian League,B00544,Plummer,James,,,regular,0,London,,,9,36,6,,13,,,2,0,0,,,,,,,,,,,0.361,,,,,,,,,,,,,,,,,,,,,,,,,,,,,,,,,,,,,,,,,,,,,,,,,,,,,,,,,,,,,,,,,,,,,,,,,,,,,,,,,,,,,,,,,,,,,,,,,,,,,,,,,,,,,,,,,,,,,,,,,,,,,,,,,,
1896,Canadian League,B00553,Powers,Mike,,,regular,1,London,,,,,,,,,,,,,,,,,,,,,,,,,,,,,,,,,,,,,,,,,,,,,,,,,,,,,,,,,,,,,,,,,,,,,,,,,,,,,,,,,,,,,,,,,,,,,,,,,,,,,,,,,,,,,,,,,,,,,,,,,,,,,,,,,,,,,,,,,,,,,,,,,,,,,,,,,
1896,Canadian League,B00553,Powers,Mike,,,regular,2,Galt,,,,,,,,,,,,,,,,,,,,,,,,,,,,,,,,,,,,,,,,,,,,,,,,,,,,,,,,,,,,,,,,,,,,,,,,,,,,,,,,,,,,,,,,,,,,,,,,,,,,,,,,,,,,,,,,,,,,,,,,,,,,,,,,,,,,,,,,,,,,,,,,,,,,,,,,,
1896,Canadian League,B00553,Powers,Mike,,,regular,T,,,,19,77,5,,13,,,1,1,1,,,,,,,,,,,0.169,,,,,,,,,,,,,,,,,,,,,,,,,,,,,,,,,,,,,,,,,,,,,,,,,,,,,,,,,,,,,,,,,,,,,,,,,,,,,,,,,,,,,,,,,,,,,,,,,,,,,,,,,,,,,,,,,,,,,,,,,,,,,,,,,,
1896,Canadian League,B00566,Raferty,,,,regular,0,Galt,,,1,5,1,,1,,,0,0,0,,,,,,,,,,,0.2,,,,,,,,,,,,,,,,,,,,,,,,,,,,,,,,,,,,,,,,,,,,,,,,,,,,,,,,,,,,,,,,,,,,,,,,,,,,,,,,,,,,,,,,,,,,,,,,,,,,,,,,,,,,,,,,,,,,,,,,,,,,,,,,,,
1896,Canadian League,B00577,Rathburn,A. J.,,,regular,0,London,,,19,34,6,,6,,,2,1,0,,,,,,,,,,,0.189,,,,,,,,,,,,,,,,,,,,,,,,,,,,,,,,,,,,,,,,,,,,,,,,,,,,,,,,,,,,,,,,,,,,,,,,,,,,,,,,,,,,,,,,,,,,,,,,,,,,,,,,,,,,,,,,,,,,,,,,,,,,,,,,,,
1896,Canadian League,B00589,Reid,Andy,,,regular,0,Galt,,,22,83,14,,20,,,5,1,0,,,,,,,,,,,0.241,,,,,,,,,,,,,,,,,,,,,,,,,,,,,,,,,,,,,,,,,,,,,,,,,,,,,,,,,,,,,,,,,,,,,,,,,,,,,,,,,,,,,,,,,,,,,,,,,,,,,,,,,,,,,,,,,,,,,,,,,,,,,,,,,,
1896,Canadian League,B00590,Rice,,,,regular,0,Galt,,,1,4,0,,1,,,0,0,0,,,,,,,,,,,0.25,,,,,,,,,,,,,,,,,,,,,,,,,,,,,,,,,,,,,,,,,,,,,,,,,,,,,,,,,,,,,,,,,,,,,,,,,,,,,,,,,,,,,,,,,,,,,,,,,,,,,,,,,,,,,,,,,,,,,,,,,,,,,,,,,,
1896,Canadian League,B00609,Richardson,A. L.,,,regular,0,Hamilton,,,3,4,0,,1,,,0,0,0,,,,,,,,,,,0.25,,,,,,,,,,,,,,,,,,,,,,,,,,,,,,,,,,,,,,,,,,,,,,,,,,,,,,,,,,,,,,,,,,,,,,,,,,,,,,,,,,,,,,,,,,,,,,,,,,,,,,,,,,,,,,,,,,,,,,,,,,,,,,,,,,
1896,Canadian League,B00614,Ripley,,,,regular,0,Hamilton,,,11,41,6,,13,,,1,1,0,,,,,,,,,,,0.317,,,,,,,,,,,,,,,,,,,,,,,,,,,,,,,,,,,,,,,,,,,,,,,,,,,,,,,,,,,,,,,,,,,,,,,,,,,,,,,,,,,,,,,,,,,,,,,,,,,,,,,,,,,,,,,,,,,,,,,,,,,,,,,,,,
1896,Canadian League,B00623,Roberts,,,,regular,0,Guelph,,,35,125,48,,24,,,9,1,1,,,,,,,,,,,0.192,,,,,,,,,,,,,,,,,,,,,,,,,,,,,,,,,,,,,,,,,,,,,,,,,,,,,,,,,,,,,,,,,,,,,,,,,,,,,,,,,,,,,,,,,,,,,,,,,,,,,,,,,,,,,,,,,,,,,,,,,,,,,,,,,,
1896,Canadian League,B00638,Sheere,Bert,,,regular,0,London,,,9,26,2,,7,,,2,0,0,,,,,,,,,,,0.269,,,,,,,,,,,,,,,,,,,,,,,,,,,,,,,,,,,,,,,,,,,,,,,,,,,,,,,,,,,,,,,,,,,,,,,,,,,,,,,,,,,,,,,,,,,,,,,,,,,,,,,,,,,,,,,,,,,,,,,,,,,,,,,,,,
1896,Canadian League,B00646,Sippi,Arthur,,,regular,0,London,,,31,134,42,,46,,,10,6,1,,,,,,,,,,,0.343,,,,,,,,,,,,,,,,,,,,,,,,,,,,,,,,,,,,,,,,,,,,,,,,,,,,,,,,,,,,,,,,,,,,,,,,,,,,,,,,,,,,,,,,,,,,,,,,,,,,,,,,,,,,,,,,,,,,,,,,,,,,,,,,,,
1896,Canadian League,B00651,Snyder,Frank,,,regular,0,,,,32,144,35,,46,,,5,3,1,,,,,,,,,,,0.319,,,,,,,,,,,,,,,,,,,,,,,,,,,,,,,,,,,,,,,,,,,,,,,,,,,,,,,,,,,,,,,,,,,,,,,,,,,,,,,,,,,,,,,,,,,,,,,,,,,,,,,,,,,,,,,,,,,,,,,,,,,,,,,,,,
1896,Canadian League,B00667,Stoneman,,,,regular,0,Hamilton,,,13,47,3,,9,,,0,0,0,,,,,,,,,,,0.192,,,,,,,,,,,,,,,,,,,,,,,,,,,,,,,,,,,,,,,,,,,,,,,,,,,,,,,,,,,,,,,,,,,,,,,,,,,,,,,,,,,,,,,,,,,,,,,,,,,,,,,,,,,,,,,,,,,,,,,,,,,,,,,,,,
1896,Canadian League,B00672,Strowger,Al,,,regular,0,London,,,32,142,41,,37,,,4,3,0,,,,,,,,,,,0.261,,,,,,,,,,,,,,,,,,,,,,,,,,,,,,,,,,,,,,,,,,,,,,,,,,,,,,,,,,,,,,,,,,,,,,,,,,,,,,,,,,,,,,,,,,,,,,,,,,,,,,,,,,,,,,,,,,,,,,,,,,,,,,,,,,
1896,Canadian League,B00680,Sturtevent,,,,regular,1,Galt,,,,,,,,,,,,,,,,,,,,,,,,,,,,,,,,,,,,,,,,,,,,,,,,,,,,,,,,,,,,,,,,,,,,,,,,,,,,,,,,,,,,,,,,,,,,,,,,,,,,,,,,,,,,,,,,,,,,,,,,,,,,,,,,,,,,,,,,,,,,,,,,,,,,,,,,,
1896,Canadian League,B00680,Sturtevent,,,,regular,2,Hamilton,,,,,,,,,,,,,,,,,,,,,,,,,,,,,,,,,,,,,,,,,,,,,,,,,,,,,,,,,,,,,,,,,,,,,,,,,,,,,,,,,,,,,,,,,,,,,,,,,,,,,,,,,,,,,,,,,,,,,,,,,,,,,,,,,,,,,,,,,,,,,,,,,,,,,,,,,
1896,Canadian League,B00680,Sturtevent,,,,regular,T,,,,7,32,7,,7,,,1,0,0,,,,,,,,,,,0.219,,,,,,,,,,,,,,,,,,,,,,,,,,,,,,,,,,,,,,,,,,,,,,,,,,,,,,,,,,,,,,,,,,,,,,,,,,,,,,,,,,,,,,,,,,,,,,,,,,,,,,,,,,,,,,,,,,,,,,,,,,,,,,,,,,
1896,Canadian League,B00695,Sullivan,,,,regular,0,Guelph,,,11,39,11,,10,,,2,0,0,,,,,,,,,,,0.256,,,,,,,,,,,,,,,,,,,,,,,,,,,,,,,,,,,,,,,,,,,,,,,,,,,,,,,,,,,,,,,,,,,,,,,,,,,,,,,,,,,,,,,,,,,,,,,,,,,,,,,,,,,,,,,,,,,,,,,,,,,,,,,,,,
1896,Canadian League,B00705,Thorpe,Sam,,,regular,0,London,,,3,13,0,,2,,,0,0,0,,,,,,,,,,,0.133,,,,,,,,,,,,,,,,,,,,,,,,,,,,,,,,,,,,,,,,,,,,,,,,,,,,,,,,,,,,,,,,,,,,,,,,,,,,,,,,,,,,,,,,,,,,,,,,,,,,,,,,,,,,,,,,,,,,,,,,,,,,,,,,,,
1896,Canadian League,B00718,Tierney,,,,regular,0,London,,,9,28,2,,5,,,0,0,0,,,,,,,,,,,0.179,,,,,,,,,,,,,,,,,,,,,,,,,,,,,,,,,,,,,,,,,,,,,,,,,,,,,,,,,,,,,,,,,,,,,,,,,,,,,,,,,,,,,,,,,,,,,,,,,,,,,,,,,,,,,,,,,,,,,,,,,,,,,,,,,,
1896,Canadian League,B00726,Wood,Albert,,,regular,0,London,,,18,45,5,,6,,,0,2,1,,,,,,,,,,,0.133,,,,,,,,,,,,,,,,,,,,,,,,,,,,,,,,,,,,,,,,,,,,,,,,,,,,,,,,,,,,,,,,,,,,,,,,,,,,,,,,,,,,,,,,,,,,,,,,,,,,,,,,,,,,,,,,,,,,,,,,,,,,,,,,,,
1896,Canadian League,B00739,Wood,Peter,,,regular,0,London,,,29,124,25,,42,,,7,2,1,,,,,,,,,,,0.339,,,,,,,,,,,,,,,,,,,,,,,,,,,,,,,,,,,,,,,,,,,,,,,,,,,,,,,,,,,,,,,,,,,,,,,,,,,,,,,,,,,,,,,,,,,,,,,,,,,,,,,,,,,,,,,,,,,,,,,,,,,,,,,,,,
1896,Canadian League,P10019,Blakey,,,,regular,0,Guelph,,,,,,,,,,,,,,,,,,,,,,,,,1,,,0,,,0,0,,,1.0,,,3,,5,,1,,0,,,,,,,,,,,,,,,,,,,,,,,,,,,,,,,,,,,,,,,,,,,,,,,,,,,,,,,,,,,,,,,,,,,,,,,,,,,,,,,,,,,,,,,,,,,,,,,,,,,,,,,,,,,,,
1896,Canadian League,P10024,Braham,,,,regular,0,London,,,,,,,,,,,,,,,,,,,,,,,,,2,,,0,,,0,2,,,18.2,,,7,,12,,6,,3,,,,,,,,,,,,,,,,,,,,,,,,,,,,,,,,,,,,,,,,,,,,,,,,,,,,,,,,,,,,,,,,,,,,,,,,,,,,,,,,,,,,,,,,,,,,,,,,,,,,,,,,,,,,,
1896,Canadian League,P10035,Bradford,George,,,regular,0,Guelph,,,,,,,,,,,,,,,,,,,,,,,,,21,,,0,,,16,4,,,147.1,,,106,,168,,39,,48,,,,,,,,,,,,,,,,,,,,,,,,,,,,,,,,,,,,,,,,,,,,,,,,,,,,,,,,,,,,,,,,,,,,,,,,,,,,,,,,,,,,,,,,,,,,,,,,,,,,,,,,,,,,,
1896,Canadian League,P10043,Burnette,,,,regular,0,Galt,,,,,,,,,,,,,,,,,,,,,,,,,2,,,0,,,1,1,,,17.0,,,15,,20,,11,,3,,,,,,,,,,,,,,,,,,,,,,,,,,,,,,,,,,,,,,,,,,,,,,,,,,,,,,,,,,,,,,,,,,,,,,,,,,,,,,,,,,,,,,,,,,,,,,,,,,,,,,,,,,,,,
1896,Canadian League,P10056,Carney,Mike,,,regular,0,Guelph,,,,,,,,,,,,,,,,,,,,,,,,,8,,,0,,,2,4,,,60.0,,,41,,66,,15,,10,,,,,,,,,,,,,,,,,,,,,,,,,,,,,,,,,,,,,,,,,,,,,,,,,,,,,,,,,,,,,,,,,,,,,,,,,,,,,,,,,,,,,,,,,,,,,,,,,,,,,,,,,,,,,
1896,Canadian League,P10062,Clark,Leroy,,,regular,1,Galt,,,,,,,,,,,,,,,,,,,,,,,,,,,,,,,,,,,,,,,,,,,,,,,,,,,,,,,,,,,,,,,,,,,,,,,,,,,,,,,,,,,,,,,,,,,,,,,,,,,,,,,,,,,,,,,,,,,,,,,,,,,,,,,,,,,,,,,,,,,,,,,,,,,,,,,,,
1896,Canadian League,P10062,Clark,Leroy,,,regular,2,London,,,,,,,,,,,,,,,,,,,,,,,,,,,,,,,,,,,,,,,,,,,,,,,,,,,,,,,,,,,,,,,,,,,,,,,,,,,,,,,,,,,,,,,,,,,,,,,,,,,,,,,,,,,,,,,,,,,,,,,,,,,,,,,,,,,,,,,,,,,,,,,,,,,,,,,,,
1896,Canadian League,P10062,Clark,Leroy,,,regular,T,,,,,,,,,,,,,,,,,,,,,,,,,,7,,,0,,,1,6,,,57.0,,,60,,73,,19,,17,,,,,,,,,,,,,,,,,,,,,,,,,,,,,,,,,,,,,,,,,,,,,,,,,,,,,,,,,,,,,,,,,,,,,,,,,,,,,,,,,,,,,,,,,,,,,,,,,,,,,,,,,,,,,
1896,Canadian League,P10070,Congalton,William,,,regular,0,Guelph,,,,,,,,,,,,,,,,,,,,,,,,,1,,,0,,,0,0,,,2.0,,,4,,4,,5,,0,,,,,,,,,,,,,,,,,,,,,,,,,,,,,,,,,,,,,,,,,,,,,,,,,,,,,,,,,,,,,,,,,,,,,,,,,,,,,,,,,,,,,,,,,,,,,,,,,,,,,,,,,,,,,
1896,Canadian League,P10081,Dean,Jim,,,regular,0,Hamilton,,,,,,,,,,,,,,,,,,,,,,,,,10,,,0,,,3,6,,,77.0,,,98,,109,,23,,28,,,,,,,,,,,,,,,,,,,,,,,,,,,,,,,,,,,,,,,,,,,,,,,,,,,,,,,,,,,,,,,,,,,,,,,,,,,,,,,,,,,,,,,,,,,,,,,,,,,,,,,,,,,,,
1896,Canadian League,P10097,Fisher,Roy,,,regular,0,London,,,,,,,,,,,,,,,,,,,,,,,,,10,,,2,,,6,2,,,76.0,,,42,,66,,17,,56,,,,,,,,,,,,,,,,,,,,,,,,,,,,,,,,,,,,,,,,,,,,,,,,,,,,,,,,,,,,,,,,,,,,,,,,,,,,,,,,,,,,,,,,,,,,,,,,,,,,,,,,,,,,,
1896,Canadian League,P10100,Gallager,,,,regular,0,Guelph,,,,,,,,,,,,,,,,,,,,,,,,,11,,,0,,,6,4,,,94.0,,,70,,96,,30,,34,,,,,,,,,,,,,,,,,,,,,,,,,,,,,,,,,,,,,,,,,,,,,,,,,,,,,,,,,,,,,,,,,,,,,,,,,,,,,,,,,,,,,,,,,,,,,,,,,,,,,,,,,,,,,
1896,Canadian League,P10113,Jacob,Carl,,,regular,0,London,,,,,,,,,,,,,,,,,,,,,,,,,1,,,0,,,0,1,,,9.0,,,3,,7,,0,,2,,,,,,,,,,,,,,,,,,,,,,,,,,,,,,,,,,,,,,,,,,,,,,,,,,,,,,,,,,,,,,,,,,,,,,,,,,,,,,,,,,,,,,,,,,,,,,,,,,,,,,,,,,,,,
1896,Canadian League,P10121,Jennings,,,,regular,0,Galt,,,,,,,,,,,,,,,,,,,,,,,,,1,,,0,,,0,0,,,3.0,,,13,,10,,2,,0,,,,,,,,,,,,,,,,,,,,,,,,,,,,,,,,,,,,,,,,,,,,,,,,,,,,,,,,,,,,,,,,,,,,,,,,,,,,,,,,,,,,,,,,,,,,,,,,,,,,,,,,,,,,,
1896,Canadian League,P10137,McDermott,,,,regular,0,Hamilton,,,,,,,,,,,,,,,,,,,,,,,,,3,,,0,,,2,1,,,27.0,,,13,,20,,17,,11,,,,,,,,,,,,,,,,,,,,,,,,,,,,,,,,,,,,,,,,,,,,,,,,,,,,,,,,,,,,,,,,,,,,,,,,,,,,,,,,,,,,,,,,,,,,,,,,,,,,,,,,,,,,,
1896,Canadian League,P10145,McGemwell,Malcolm,,,regular,0,Hamilton,,,,,,,,,,,,,,,,,,,,,,,,,11,,,1,,,5,6,,,82.0,,,78,,69,,41,,29,,,,,,,,,,,,,,,,,,,,,,,,,,,,,,,,,,,,,,,,,,,,,,,,,,,,,,,,,,,,,,,,,,,,,,,,,,,,,,,,,,,,,,,,,,,,,,,,,,,,,,,,,,,,,
1896,Canadian League,P10159,McGinnis,Charles,,,regular,1,Galt,,,,,,,,,,,,,,,,,,,,,,,,,,,,,,,,,,,,,,,,,,,,,,,,,,,,,,,,,,,,,,,,,,,,,,,,,,,,,,,,,,,,,,,,,,,,,,,,,,,,,,,,,,,,,,,,,,,,,,,,,,,,,,,,,,,,,,,,,,,,,,,,,,,,,,,,,
1896,Canadian League,P10159,McGinnis,Charles,,,regular,2,Hamilton,,,,,,,,,,,,,,,,,,,,,,,,,,,,,,,,,,,,,,,,,,,,,,,,,,,,,,,,,,,,,,,,,,,,,,,,,,,,,,,,,,,,,,,,,,,,,,,,,,,,,,,,,,,,,,,,,,,,,,,,,,,,,,,,,,,,,,,,,,,,,,,,,,,,,,,,,
1896,Canadian League,P10159,McGinnis,Charles,,,regular,T,,,,,,,,,,,,,,,,,,,,,,,,,,23,,,0,,,12,10,,,185.0,,,158,,224,,41,,84,,,,,,,,,,,,,,,,,,,,,,,,,,,,,,,,,,,,,,,,,,,,,,,,,,,,,,,,,,,,,,,,,,,,,,,,,,,,,,,,,,,,,,,,,,,,,,,,,,,,,,,,,,,,,
1896,Canadian League,P10168,Moore,,,,regular,0,Hamilton,,,,,,,,,,,,,,,,,,,,,,,,,6,,,1,,,2,2,,,33.0,,,37,,45,,14,,6,,,,,,,,,,,,,,,,,,,,,,,,,,,,,,,,,,,,,,,,,,,,,,,,,,,,,,,,,,,,,,,,,,,,,,,,,,,,,,,,,,,,,,,,,,,,,,,,,,,,,,,,,,,,,
1896,Canadian League,P10176,Morrison,Mike,,,regular,0,Hamilton,,,,,,,,,,,,,,,,,,,,,,,,,1,,,0,,,0,1,,,9.0,,,7,,11,,3,,2,,,,,,,,,,,,,,,,,,,,,,,,,,,,,,,,,,,,,,,,,,,,,,,,,,,,,,,,,,,,,,,,,,,,,,,,,,,,,,,,,,,,,,,,,,,,,,,,,,,,,,,,,,,,,
1896,Canadian League,P10184,Pfenninger,Dan,,,regular,0,Hamilton,,,,,,,,,,,,,,,,,,,,,,,,,1,,,0,,,0,0,,,2.0,,,3,,5,,2,,0,,,,,,,,,,,,,,,,,,,,,,,,,,,,,,,,,,,,,,,,,,,,,,,,,,,,,,,,,,,,,,,,,,,,,,,,,,,,,,,,,,,,,,,,,,,,,,,,,,,,,,,,,,,,,
1896,Canadian League,P10192,Phails,,,,regular,0,Galt,,,,,,,,,,,,,,,,,,,,,,,,,1,,,0,,,0,0,,,2.0,,,8,,5,,6,,2,,,,,,,,,,,,,,,,,,,,,,,,,,,,,,,,,,,,,,,,,,,,,,,,,,,,,,,,,,,,,,,,,,,,,,,,,,,,,,,,,,,,,,,,,,,,,,,,,,,,,,,,,,,,,
1896,Canadian League,P10202,Plummer,James,,,regular,0,London,,,,,,,,,,,,,,,,,,,,,,,,,6,,,0,,,4,1,,,42.0,,,30,,51,,17,,17,,,,,,,,,,,,,,,,,,,,,,,,,,,,,,,,,,,,,,,,,,,,,,,,,,,,,,,,,,,,,,,,,,,,,,,,,,,,,,,,,,,,,,,,,,,,,,,,,,,,,,,,,,,,,
1896,Canadian League,P10215,Sheere,Bert,,,regular,0,London,,,,,,,,,,,,,,,,,,,,,,,,,4,,,0,,,1,0,,,22.0,,,29,,31,,9,,8,,,,,,,,,,,,,,,,,,,,,,,,,,,,,,,,,,,,,,,,,,,,,,,,,,,,,,,,,,,,,,,,,,,,,,,,,,,,,,,,,,,,,,,,,,,,,,,,,,,,,,,,,,,,,
1896,Canadian League,P10228,Wood,Albert,,,regular,0,London,,,,,,,,,,,,,,,,,,,,,,,,,15,,,0,,,2,11,,,104.0,,,121,,143,,37,,44,,,,,,,,,,,,,,,,,,,,,,,,,,,,,,,,,,,,,,,,,,,,,,,,,,,,,,,,,,,,,,,,,,,,,,,,,,,,,,,,,,,,,,,,,,,,,,,,,,,,,,,,,,,,,
1896,Canadian League,P10231,Wood,Peter,,,regular,0,London,,,,,,,,,,,,,,,,,,,,,,,,,1,,,0,,,0,0,,,2.0,,,0,,0,,0,,0,,,,,,,,,,,,,,,,,,,,,,,,,,,,,,,,,,,,,,,,,,,,,,,,,,,,,,,,,,,,,,,,,,,,,,,,,,,,,,,,,,,,,,,,,,,,,,,,,,,,,,,,,,,,,
1896,Canadian League,F20014,Allen,,,,regular,0,Galt,,,,,,,,,,,,,,,,,,,,,,,,,,,,,,,,,,,,,,,,,,,,,,,,,,,,,,,,,,,,,,,,,,,,,,,,,,,,,,,1,,,,,,,,,,,,,,,,,,,,,,,,,,,,,,,,,,,,,,,,,,,,,,,,,,,,,,,,,,,,,,,,,,,7,,9,14,8,,,
1896,Canadian League,F20023,Baker,Wm.,,,regular,0,Hamilton,,,,,,,,,,,,,,,,,,,,,,,,,,,,,,,,,,,,,,,,,,,,,,,,,,,,,,,,,,,,,,,,,,,,,,,,,,,,,,,,,,,,,,,,,,,,,,,,,,,,,,,,,,,,,,,,,,,,,,,,,,,,1,,,,,,,,,,,,,,,,,,,,,,33,,158,39,12,,,
1896,Canadian League,F20038,Blakey,,,,regular,0,Guelph,,,,,,,,,,,,,,,,,,,,,,,,,,,,,,,,,,,,,,,,,,,,,,,,,,,,,,,,,,,,,,,,,,,,,,,,,,,,,,,,,,,,,,,,,,,,,,,,,,,,,,,,,,,,,,,,,,,,,,,,,,,,,,,,,,,,,,,,,1,,,,,,,,,1,,0,0,0,,,
1896,Canadian League,F20046,Bradford,George,,,regular,0,Guelph,,,,,,,,,,,,,,,,,,,,,,,,,,,,,,,,,,,,,,,,,,,,,,,,,,,,,,,,,,,,,,,,,,,,,,,,,,,,,,,,,,,,,,,,,,,,,,,,,,,,,,,,,,,,,,,,,,,,,,,,,,,,,,,,,,,,,,,,,,,,,,,,,,26,,8,55,4,,,
1896,Canadian League,F20051,Braham,,,,regular,0,London,,,,,,,,,,,,,,,,,,,,,,,,,,,,,,,,,,,,,,,,,,,,,,,,,,,,,,,,,,,,,,,,,,,,,,,,,,,,,,,,,,,,,,,,,,,,,,,,,,,,,,,,,,,,,,,,,,,,,,,,,,,,,,,,,,,,,,,,,1,,,,,,,,,2,,2,6,0,,,
1896,Canadian League,F20067,Burnett,,,,regular,0,Galt,,,,,,,,,,,,,,,,,,,,,,,,,,,,,,,,,,,,,,,,,,,,,,,,,,,,,,,,,,,,,,,,,,,,,,,,,,,,,,,,,,,,,,,,,,,,,,,,,,,,,,,,,,,,,,,,,,,,,,,,,,,,,,,,,,,,,,,,,1,,,,,,,,,2,,2,6,3,,,
1896,Canadian League,F20072,Carney,Mike,,,regular,0,Guelph,,,,,,,,,,,,,,,,,,,,,,,,,,,,,,,,,,,,,,,,,,,,,,,,,,,,,,,,,,,,,,,,,,,,,,,,,,,,,,,,,,,,,,,,,,,,,,,,,,,,,,,,,,,,,,,,,,,,,,,,,,,,,,,,,,,,,,,,,1,,,,,,,,,17,,6,25,2,,,
1896,Canadian League,F20080,Chambers,Joe,,,regular,0,Hamilton,,,,,,,,,,,,,,,,,,,,,,,,,,,,,,,,,,,,,,,,,,,,,,,,,,,,,,,,,,,,,,,,,,,,,,,,,,,,,,,,,,,,,,,,1,,,,,,,,,,,,,,,,,,,,,,,,,,,,,,,,,,,,,,,,,,,,,,,,,,,,,,,,,,3,,5,0,0,,,
1896,Canadian League,F20095,Clark,Leroy,,,regular,1,Galt,,,,,,,,,,,,,,,,,,,,,,,,,,,,,,,,,,,,,,,,,,,,,,,,,,,,,,,,,,,,,,,,,,,,,,,,,,,,,,,,,,,,,,,,,,,,,,,,,,,,,,,,,,,,,,,,,,,,,,,,,,,,,,,,,,,,,,,,,,,,,,,,,,,,,,,,,
1896,Canadian League,F20095,Clark,Leroy,,,regular,2,London,,,,,,,,,,,,,,,,,,,,,,,,,,,,,,,,,,,,,,,,,,,,,,,,,,,,,,,,,,,,,,,,,,,,,,,,,,,,,,,,,,,,,,,,,,,,,,,,,,,,,,,,,,,,,,,,,,,,,,,,,,,,,,,,,,,,,,,,,,,,,,,,,,,,,,,,,
1896,Canadian League,F20095,Clark,Leroy,,,regular,T,,,,,,,,,,,,,,,,,,,,,,,,,,,,,,,,,,,,,,,,,,,,,,,,,,,,,,,,,,,,,,,,,,,,,,,,,,,,,,,,,,,,,,,,,,,,,,,,,,,,,,,,,,,,,,,,,,,,,,,,,,,,,,,,,,,,,,,,,,,,,,,,,,,10,,4,18,3,,,
1896,Canadian League,F20102,Cockman,Jim,,,regular,0,Guelph,,,,,,,,,,,,,,,,,,,,,,,,,,,,,,,,,,,,,,,,,,,,,,,,,,,,,,,,,,,,,,,,,,,,,,,,,,,,,,,1,,,,,,,,,,,,,,,,,,,,,,,,,,,,,,,,,,,,,,,,,,,,,,,,,,,,,,,,,,,,,,,,,,,16,,37,46,9,,,
1896,Canadian League,F20115,Cockman,Tom,,,regular,0,Galt,,,,,,,,,,,,,,,,,,,,,,,,,,,,,,,,,,,,,,,,,,,,,,,,,,,,,,,,,,,,,,,,,,,,,,,,,,,,,,,,,,,,,,,,,,,,,,,,,,,,,,,,,,,,,,,,,,,,,,,,,,,,,,,,,,,,,,,,,,,,,,,,,,19,,44,23,11,,,
1896,Canadian League,F20128,Collins,Charles,,,regular,0,Galt,,,,,,,,,,,,,,,,,,,,,,,,,,,,,,,,,,,,,,,,,,,,,,,,,,,,,,,,,,,,,1,,,,,,,,,,,,,,,,,,,,,,,,,,,,,,,,,,,,,,,,,,,,,,,,,,,,,,,,,,,,,,,,,,,,,,,,,,,,,,,,,,,,,17,,40,47,14,,,
1896,Canadian League,F20131,Congalton,Wm.,,,regular,0,Guelph,,,,,,,,,,,,,,,,,,,,,,,,,,,,,,,,,,,,,,,,,,,,,,,,,,,,,,,,,,,,,,,,,,,,,,,,,,,,,,,,,,,,,,,,1,,,,,,,,,,,,,,,,,,,,,,,,,,,,,,,,,,,,,,,,,,,,,,,,,,,,,,,,,,31,,52,9,7,,,
1896,Canadian League,F20144,Crall,,,,regular,0,Galt,,,,,,,,,,,,,,,,,,,,,,,,,,,,,,,,,,,,,,,,,,,,,,,,,,,,1,,,,,,,,,,,,,,,,,,,,,,,,,,,,,,,,,,,,,,,,,,,,,,,,,,,,,,,,,,,,,,,,,,,,,,,,,,,,,,,,,,,,,,,,,,,,,,25,,224,6,19,,,
1896,Canadian League,F20153,Dark,,,,regular,0,Guelph,,,,,,,,,,,,,,,,,,,,,,,,,,,,,,,,,,,,,,,,,,,,,,,,,,,,,,,,,,,,,,,,,,,,,,,,,,,,,,,,,,,,,,,,,,,,,,,,,,,,,,,,,,,,,,,,,,,,,,,,,,,,,,,,,,,,,,,,,,,,,,,,,,35,,65,20,13,,,
1896,Canadian League,F20166,Davidson,,,,regular,0,Galt,,,,,,,,,,,,,,,,,,,,,,,,,,,,,,,,,,,,,,,,,,,,,,,,,,,,,,,,,,,,,,,,,,,,,,,,,,,,,,,1,,,,,,,,,,,,,,,,,,,,,,,,,,,,,,,,,,,,,,,,,,,,,,,,,,,,,,,,,,,,,,,,,,,1,,3,2,4,,,
1896,Canadian League,F20177,Dean,Jim,,,regular,0,Hamilton,,,,,,,,,,,,,,,,,,,,,,,,,,,,,,,,,,,,,,,,,,,,,,,,,,,,,,,,,,,,,,,,,,,,,,,,,,,,,,,,,,,,,,,,,,,,,,,,,,,,,,,,,,,,,,,,,,,,,,,,,,,,,,,,,,,,,,,,,,,,,,,,,,33,,100,95,31,,,
1896,Canadian League,F20189,Delaney,James,,,regular,1,Guelph,,,,,,,,,,,,,,,,,,,,,,,,,,,,,,,,,,,,,,,,,,,,,,,,,,,,,,,,,,,,,,,,,,,,,,,,,,,,,,,,,,,,,,,,,,,,,,,,,,,,,,,,,,,,,,,,,,,,,,,,,,,,,,,,,,,,,,,,,,,,,,,,,,,,,,,,,
1896,Canadian League,F20189,Delaney,James,,,regular,2,London,,,,,,,,,,,,,,,,,,,,,,,,,,,,,,,,,,,,,,,,,,,,,,,,,,,,,,,,,,,,,,,,,,,,,,,,,,,,,,,,,,,,,,,,,,,,,,,,,,,,,,,,,,,,,,,,,,,,,,,,,,,,,,,,,,,,,,,,,,,,,,,,,,,,,,,,,
1896,Canadian League,F20189,Delaney,James,,,regular,T,,,,,,,,,,,,,,,,,,,,,,,,,,,,,,,,,,,,,,,,,,,,,,,,,,,,,,,,,,,,,,,,,,,,,,,,,,,,,,,,,,,,,,,,,,,,,,,,,,,,,,,,,,,,,,,,,,,,,,,,,,,,,,,,,,,,,,,,,,,,,,,,,,,31,,59,68,26,,,
1896,Canadian League,F20190,Fisher,Roy,,,regular,0,London,,,,,,,,,,,,,,,,,,,,,,,,,,,,,,,,,,,,,,,,,,,,,,,,,,,,,,,,,,,,,,,,,,,,,,,,,,,,,,,,,,,,,,,,,,,,,,,,,,,,,,,,,,,,,,,,,,,,,,,,,,,,,,,,,,,,,,,,,1,,,,,,,,,10,,2,40,4,,,
1896,Canadian League,F20206,Gallager,,,,regular,0,Guelph,,,,,,,,,,,,,,,,,,,,,,,,,,,,,,,,,,,,,,,,,,,,,,,,,,,,,,,,,,,,,,,,,,,,,,,,,,,,,,,,,,,,,,,,,,,,,,,,,,,,,,,,,,,,,,,,,,,,,,,,,,,,,,,,,,,,,,,,,1,,,,,,,,,14,,11,39,4,,,
1896,Canadian League,F20211,Hanley,,,,regular,0,Guelph,,,,,,,,,,,,,,,,,,,,,,,,,,,,,,,,,,,,,,,,,,,,,,,,,,,,,,,,,,,,,,,,,,,,,,,,,,,,,,,,,,,,,,,,1,,,,,,,,,,,,,,,,,,,,,,,,,,,,,,,,,,,,,,,,,,,,,,,,,,,,,,,,,,15,,23,1,4,,,
1896,Canadian League,F20222,Hewer,James,,,regular,0,Guelph,,,,,,,,,,,,,,,,,,,,,,,,,,,,,,,,,,,,,,,,,,,,,,,,,,,,,,,,,,,,,1,,,,,,,,,,,,,,,,,,,,,,,,,,,,,,,,,,,,,,,,,,,,,,,,,,,,,,,,,,,,,,,,,,,,,,,,,,,,,,,,,,,,,23,,48,68,13,,,
1896,Canadian League,F20233,Hickey,,,,regular,0,Galt,,,,,,,,,,,,,,,,,,,,,,,,,,,,,,,,,,,,,,,,,,,,,,,,,,,,,,,,,,,,,,,,,,,,,,,,,,,,,,,1,,,,,,,,,,,,,,,,,,,,,,,,,,,,,,,,,,,,,,,,,,,,,,,,,,,,,,,,,,,,,,,,,,,7,,12,19,5,,,
1896,Canadian League,F20240,Hiscott,A.,,,regular,1,London,,,,,,,,,,,,,,,,,,,,,,,,,,,,,,,,,,,,,,,,,,,,,,,,,,,,,,,,,,,,,,,,,,,,,,,,,,,,,,,,,,,,,,,,1,,,,,,,,,,,,,,,,,,,,,,,,,,,,,,,,,,,,,,,,,,,,,,,,,,,,,,,,,,,,,,,,,
1896,Canadian League,F20240,Hiscott,A.,,,regular,2,Hamilton,,,,,,,,,,,,,,,,,,,,,,,,,,,,,,,,,,,,,,,,,,,,,,,,,,,,,,,,,,,,,,,,,,,,,,,,,,,,,,,,,,,,,,,,1,,,,,,,,,,,,,,,,,,,,,,,,,,,,,,,,,,,,,,,,,,,,,,,,,,,,,,,,,,,,,,,,,
1896,Canadian League,F20240,Hiscott,A.,,,regular,T,,,,,,,,,,,,,,,,,,,,,,,,,,,,,,,,,,,,,,,,,,,,,,,,,,,,,,,,,,,,,,,,,,,,,,,,,,,,,,,,,,,,,,,,,1,,,,,,,,,,,,,,,,,,,,,,,,,,,,,,,,,,,,,,,,,,,,,,,,,,,,,,,,,,4,,4,2,5,,,
1896,Canadian League,F20254,Hoffner,,,,regular,0,Hamilton,,,,,,,,,,,,,,,,,,,,,,,,,,,,,,,,,,,,,,,,,,,,,,,,,,,,,,,,,,,,,,,,,,,,,,,,,,,,,,,,,,,,,,,,1,,,,,,,,,,,,,,,,,,,,,,,,,,,,,,,,,,,,,,,,,,,,,,,,,,,,,,,,,,27,,54,9,4,,,
1896,Canadian League,F20265,Humphrey,Frank,,,regular,1,Galt,,,,,,,,,,,,,,,,,,,,,,,,,,,,,,,,,,,,,,,,,,,,,,,,,,,,,,,,,,,,,,,,,,,,,,,,,,,,,,,,,,,,,,,,,,,,,,,,,,,,,,,,,,,,,,,,,,,,,,,,,,,,,,,,,,,,,,,,,,,,,,,,,,,,,,,,,
1896,Canadian League,F20265,Humphrey,Frank,,,regular,2,London,,,,,,,,,,,,,,,,,,,,,,,,,,,,,,,,,,,,,,,,,,,,,,,,,,,,,,,,,,,,,,,,,,,,,,,,,,,,,,,,,,,,,,,,,,,,,,,,,,,,,,,,,,,,,,,,,,,,,,,,,,,,,,,,,,,,,,,,,,,,,,,,,,,,,,,,,
1896,Canadian League,F20265,Humphrey,Frank,,,regular,T,,,,,,,,,,,,,,,,,,,,,,,,,,,,,,,,,,,,,,,,,,,,,,,,,,,,,,,,,,,,,,,,,,,,,,,,,,,,,,,,,,,,,,,,,,,,,,,,,,,,,,,,,,,,,,,,,,,,,,,,,,,,,,,,,,,,,,,,,,,,,,,,,,,32,,58,27,19,,,
1896,Canadian League,F20279,Hutchinson,James,,,regular,0,London,,,,,,,,,,,,,,,,,,,,,,,,,,,,,,,,,,,,,,,,,,,,,,,,,,,,,,,,,,,,,,,,,,,,,,,,,,,,,,,,,,,,,,,,,,,,,,,,,,,,,,,,,,,,,,,,,,,1,,,,,,,,,,,,,,,,,,,,,,,,,,,,,,,13,,23,3,5,,,
1896,Canadian League,F20287,Hynd,Wm.,,,regular,0,London,,,,,,,,,,,,,,,,,,,,,,,,,,,,,,,,,,,,,,,,,,,,,,,,,,,,,,,,,,,,,,,,,,,,,,,,,,,,,,,,,,,,,,,,,,,,,,,,,,,,,,,,,,1,,,,,,,,,,,,,,,,,,,,,,,,,,,,,,,,,,,,,,,,29,,63,5,9,,,
1896,Canadian League,F20298,Jacob,Carl,,,regular,0,London,,,,,,,,,,,,,,,,,,,,,,,,,,,,,,,,,,,,,,,,,,,,,,,,,,,,,,,,,,,,,,,,,,,,,,,,,,,,,,,,,,,,,,,,,,,,,,,,,,,,,,,,,,,,,,,,,,,,,,,,,,,,,,,,,,,,,,,,,1,,,,,,,,,1,,1,2,0,,,
1896,Canadian League,F20303,Jennings,,,,regular,0,Galt,,,,,,,,,,,,,,,,,,,,,,,,,,,,,,,,,,,,,,,,,,,,,,,,,,,,,,,,,,,,,,,,,,,,,,,,,,,,,,,,,,,,,,,,,,,,,,,,,,,,,,,,,,,,,,,,,,,,,,,,,,,,,,,,,,,,,,,,,,,,,,,,,,13,,11,24,10,,,
1896,Canadian League,F20316,Jones,Ernie,,,regular,0,,,,,,,,,,,,,,,,,,,,,,,,,,,,,,,,,,,,,,,,,,,,,,,,,,,,,,,,,,,,,,,,,,,,,,,,,,,,,,,,,,,,,,,,,,,,,,,,,,,,,,,,,,,,,,,,,,,,,,,,,,,,,,,,,,,,,,,,,,,,,,,,,,,13,,36,39,16,,,
1896,Canadian League,F20327,Knowlton,E. B.,,,regular,0,Hamilton,,,,,,,,,,,,,,,,,,,,,,,,,,,,,,,,,,,,,,,,,,,,,,,,,,,,,,,,,,,,,1,,,,,,,,,,,,,,,,,,,,,,,,,,,,,,,,,,,,,,,,,,,,,,,,,,,,,,,,,,,,,,,,,,,,,,,,,,,,,,,,,,,,,1,,2,3,2,,,
1896,Canadian League,F20334,Lauer,August,,,regular,0,Guelph,,,,,,,,,,,,,,,,,,,,,,,,,,,,,,,,,,,,,,,,,,,,,,,,,,,,1,,,,,,,,,,,,,,,,,,,,,,,,,,,,,,,,,,,,,,,,,,,,,,,,,,,,,,,,,,,,,,,,,,,,,,,,,,,,,,,,,,,,,,,,,,,,,,35,,372,15,19,,,
1896,Canadian League,F20342,Lyons,John,,,regular,0,Galt,,,,,,,,,,,,,,,,,,,,,,,,,,,,,,,,,,,,,,,,,,,,,,,,,,,,,,,,,,,,,,,,,,,,,,,,,,,,,,,,,,,,,,,,,,,,,,,,,,,,,,,,,,,,,,,,,,,,,,,,,,,,,,,,,,,,,,,,,,,,,,,,,,25,,52,13,4,,,
1896,Canadian League,F20350,MacDonald,Tom,,,regular,1,Galt,,,,,,,,,,,,,,,,,,,,,,,,,,,,,,,,,,,,,,,,,,,,,,,,,,,,,,,,,,,,,,,,,,,,,,,,,,,,,,,,,,,,,,,,1,,,,,,,,,,,,,,,,,,,,,,,,,,,,,,,,,,,,,,,,,,,,,,,,,,,,,,,,,,,,,,,,,
1896,Canadian League,F20350,MacDonald,Tom,,,regular,2,Hamilton,,,,,,,,,,,,,,,,,,,,,,,,,,,,,,,,,,,,,,,,,,,,,,,,,,,,,,,,,,,,,,,,,,,,,,,,,,,,,,,,,,,,,,,,1,,,,,,,,,,,,,,,,,,,,,,,,,,,,,,,,,,,,,,,,,,,,,,,,,,,,,,,,,,,,,,,,,
1896,Canadian League,F20350,MacDonald,Tom,,,regular,T,,,,,,,,,,,,,,,,,,,,,,,,,,,,,,,,,,,,,,,,,,,,,,,,,,,,,,,,,,,,,,,,,,,,,,,,,,,,,,,,,,,,,,,,,1,,,,,,,,,,,,,,,,,,,,,,,,,,,,,,,,,,,,,,,,,,,,,,,,,,,,,,,,,,36,,57,7,8,,,
1896,Canadian League,F20369,Mallott,,,,regular,0,Hamilton,,,,,,,,,,,,,,,,,,,,,,,,,,,,,,,,,,,,,,,,,,,,,,,,,,,,,,,,,,,,,,,,,,,,,,,,,,,,,,,,,,,,,,,,,,,,,,,,,,,,,,,,,,,,,,,,,,,,,,,,,,,,,,,,,,,,,,,,,,,,,,,,,,22,,62,14,7,,,
1896,Canadian League,F20375,McCracken,George,,,regular,0,Guelph,,,,,,,,,,,,,,,,,,,,,,,,,,,,,,,,,,,,,,,,,,,,,,,,,,,,,,,,,,,,,,,,,,,,,,,,,,,,,,,,,,,,,,,,1,,,,,,,,,,,,,,,,,,,,,,,,,,,,,,,,,,,,,,,,,,,,,,,,,,,,,,,,,,15,,23,8,5,,,
1896,Canadian League,F20388,McCowan,,,,regular,0,Galt,,,,,,,,,,,,,,,,,,,,,,,,,,,,,,,,,,,,,,,,,,,,,,,,,,,,,,,,,,,,,,,,,,,,,,,,,,,,,,,,,,,,,,,,1,,,,,,,,,,,,,,,,,,,,,,,,,,,,,,,,,,,,,,,,,,,,,,,,,,,,,,,,,,2,,1,0,2,,,
1896,Canadian League,F20391,McDermott,,,,regular,0,Hamilton,,,,,,,,,,,,,,,,,,,,,,,,,,,,,,,,,,,,,,,,,,,,,,,,,,,,,,,,,,,,,,,,,,,,,,,,,,,,,,,,,,,,,,,,,,,,,,,,,,,,,,,,,,,,,,,,,,,,,,,,,,,,,,,,,,,,,,,,,1,,,,,,,,,3,,1,9,,,,
1896,Canadian League,F20401,McElroy,Wm.,,,regular,0,Guelph,,,,,,,,,,,,,,,,,,,,,,,,,,,,,,,,,,,,,,,,,,,,,,,,,,,,,,,,,,,,,,,,,,,,,,1,,,,,,,,,,,,,,,,,,,,,,,,,,,,,,,,,,,,,,,,,,,,,,,,,,,,,,,,,,,,,,,,,,,,,,,,,,,,34,,43,77,3,,,
1896,Canadian League,F20417,McGemwell,Malcolm,,,regular,0,Hamilton,,,,,,,,,,,,,,,,,,,,,,,,,,,,,,,,,,,,,,,,,,,,,,,,,,,,,,,,,,,,,,,,,,,,,,,,,,,,,,,,,,,,,,,,,,,,,,,,,,,,,,,,,,,,,,,,,,,,,,,,,,,,,,,,,,,,,,,,,1,,,,,,,,,11,,3,21,,,,
1896,Canadian League,F20425,McGinnis,Charles,,,regular,1,Galt,,,,,,,,,,,,,,,,,,,,,,,,,,,,,,,,,,,,,,,,,,,,,,,,,,,,,,,,,,,,,,,,,,,,,,,,,,,,,,,,,,,,,,,,,,,,,,,,,,,,,,,,,,,,,,,,,,,,,,,,,,,,,,,,,,,,,,,,,,,,,,,,,,,,,,,,,
1896,Canadian League,F20425,McGinnis,Charles,,,regular,2,Hamliton,,,,,,,,,,,,,,,,,,,,,,,,,,,,,,,,,,,,,,,,,,,,,,,,,,,,,,,,,,,,,,,,,,,,,,,,,,,,,,,,,,,,,,,,,,,,,,,,,,,,,,,,,,,,,,,,,,,,,,,,,,,,,,,,,,,,,,,,,,,,,,,,,,,,,,,,,
1896,Canadian League,F20425,McGinnis,Charles,,,regular,T,,,,,,,,,,,,,,,,,,,,,,,,,,,,,,,,,,,,,,,,,,,,,,,,,,,,,,,,,,,,,,,,,,,,,,,,,,,,,,,,,,,,,,,,,,,,,,,,,,,,,,,,,,,,,,,,,,,,,,,,,,,,,,,,,,,,,,,,,,,,,,,,,,,27,,22,64,,,,
1896,Canadian League,F20430,Mertsch,Henry,,,regular,0,London,,,,,,,,,,,,,,,,,,,,,,,,,,,,,,,,,,,,,,,,,,,,,,,,,,,,,,,,,,,,,,,,,,,,,,,,,,,,,,,,,,,,,,,,1,,,,,,,,,,,,,,,,,,,,,,,,,,,,,,,,,,,,,,,,,,,,,,,,,,,,,,,,,,22,,34,5,,,,
1896,Canadian League,F20449,Moore,,,,regular,0,Hamilton,,,,,,,,,,,,,,,,,,,,,,,,,,,,,,,,,,,,,,,,,,,,,,,,,,,,,,,,,,,,,,,,,,,,,,,,,,,,,,,,,,,,,,,,,,,,,,,,,,,,,,,,,,,,,,,,,,,,,,,,,,,,,,,,,,,,,,,,,1,,,,,,,,,6,,5,14,5,,,
1896,Canadian League,F20458,Morrison,Mike,,,regular,0,Hamilton,,,,,,,,,,,,,,,,,,,,,,,,,,,,,,,,,,,,,,,,,,,,,,,,,,,,,,,,,,,,,,,,,,,,,,,,,,,,,,,,,,,,,,,,,,,,,,,,,,,,,,,,,,,,,,,,,,,,,,,,,,,,,,,,,,,,,,,,,,,,,,,,,,30,,277,9,7,,,
1896,Canadian League,F20463,Murray,Bill,,,regular,0,Galt,,,,,,,,,,,,,,,,,,,,,,,,,,,,,,,,,,,,,,,,,,,,,,,,,,,,,,,,,,,,,,,,,,,,,,,,,,,,,,,,,,,,,,,,1,,,,,,,,,,,,,,,,,,,,,,,,,,,,,,,,,,,,,,,,,,,,,,,,,,,,,,,,,,3,,8,0,3,,,
1896,Canadian League,F20474,O'Connor,Frank,,,regular,0,Hamilton,,,,,,,,,,,,,,,,,,,,,,,,,,,,,,,,,,,,,,,,,,,,,,,,,,,,,,,,,,,,,,,,,,,,,,,,,,,,,,,,,,,,,,,,1,,,,,,,,,,,,,,,,,,,,,,,,,,,,,,,,,,,,,,,,,,,,,,,,,,,,,,,,,,2,,2,0,0,,,
1896,Canadian League,F20482,Pfeiffer,,,,regular,0,Hamilton,,,,,,,,,,,,,,,,,,,,,,,,,,,,,,,,,,,,,,,,,,,,,,,,,,,,,,,,,,,,,,,,,,,,,,,,,,,,,,,,,,,,,,,,,,,,,,,,,,,,,,,,,,,,,,,,,,,,,,,,,,,,,,,,,,,,,,,,,,,,,,,,,,27,,31,50,,,,
1896,Canadian League,F20496,Pfenninger,Dan,,,regular,0,Hamilton,,,,,,,,,,,,,,,,,,,,,,,,,,,,,,,,,,,,,,,,,,,,,,,,,,,,,,,,,,,,,,,,,,,,,,1,,,,,,,,,,,,,,,,,,,,,,,,,,,,,,,,,,,,,,,,,,,,,,,,,,,,,,,,,,,,,,,,,,,,,,,,,,,,32,,38,84,,,,
1896,Canadian League,F20505,Phails,,,,regular,0,Galt,,,,,,,,,,,,,,,,,,,,,,,,,,,,,,,,,,,,,,,,,,,,,,,,,,,,,,,,,,,,,,,,,,,,,,,,,,,,,,,,,,,,,,,,,,,,,,,,,,,,,,,,,,,,,,,,,,,,,,,,,,,,,,,,,,,,,,,,,1,,,,,,,,,1,,0,2,0,,,
1896,Canadian League,F20518,Philips,Mark,,,regular,0,Hamilton,,,,,,,,,,,,,,,,,,,,,,,,,,,,,,,,,,,,,,,,,,,,,,,,,,,,,,,,,,,,,,,,,,,,,,,,,,,,,,,1,,,,,,,,,,,,,,,,,,,,,,,,,,,,,,,,,,,,,,,,,,,,,,,,,,,,,,,,,,,,,,,,,,,15,,29,46,,,,
1896,Canadian League,F20526,Peirce,,,,regular,0,Hamilton,,,,,,,,,,,,,,,,,,,,,,,,,,,,,,,,,,,,,,,,,,,,,,,,,,,,,,,,,,,,,,,,,,,,,,,,,,,,,,,,,,,,,,,,1,,,,,,,,,,,,,,,,,,,,,,,,,,,,,,,,,,,,,,,,,,,,,,,,,,,,,,,,,,4,,6,1,2,,,
1896,Canadian League,F20539,Player,Jack,,,regular,0,Hamilton,,,,,,,,,,,,,,,,,,,,,,,,,,,,,,,,,,,,,,,,,,,,,,,,,,,,,,,,,,,,,,,,,,,,,,,,,,,,,,,,,,,,,,,,1,,,,,,,,,,,,,,,,,,,,,,,,,,,,,,,,,,,,,,,,,,,,,,,,,,,,,,,,,,1,,1,0,0,,,
1896,Canadian League,F20547,Plummer,James,,,regular,0,London,,,,,,,,,,,,,,,,,,,,,,,,,,,,,,,,,,,,,,,,,,,,,,,,,,,,,,,,,,,,,,,,,,,,,,,,,,,,,,,,,,,,,,,,,,,,,,,,,,,,,,,,,,,,,,,,,,,,,,,,,,,,,,,,,,,,,,,,,,,,,,,,,,9,,7,18,4,,,
1896,Canadian League,F20552,Powers,Mike,,,regular,1,London,,,,,,,,,,,,,,,,,,,,,,,,,,,,,,,,,,,,,,,,,,,,,,,,,,,,,,,,,,,,,,,,,,,,,,,,,,,,,,,,,,,,,,,,,,,,,,,,,,,,,,,,,,,,,,,,,,,,,,,,,,,,1,,,,,,,,,,,,,,,,,,,,,,,,,,,,,
1896,Canadian League,F20552,Powers,Mike,,,regular,2,Galt,,,,,,,,,,,,,,,,,,,,,,,,,,,,,,,,,,,,,,,,,,,,,,,,,,,,,,,,,,,,,,,,,,,,,,,,,,,,,,,,,,,,,,,,,,,,,,,,,,,,,,,,,,,,,,,,,,,,,,,,,,,,1,,,,,,,,,,,,,,,,,,,,,,,,,,,,,
1896,Canadian League,F20552,Powers,Mike,,,regular,T,,,,,,,,,,,,,,,,,,,,,,,,,,,,,,,,,,,,,,,,,,,,,,,,,,,,,,,,,,,,,,,,,,,,,,,,,,,,,,,,,,,,,,,,,,,,,,,,,,,,,,,,,,,,,,,,,,,,,,,,,,,,,1,,,,,,,,,,,,,,,,,,,,,,19,,82,23,10,,,
1896,Canadian League,F20560,Raferty,,,,regular,0,Galt,,,,,,,,,,,,,,,,,,,,,,,,,,,,,,,,,,,,,,,,,,,,,,,,,,,,,,,,,,,,,,,,,,,,,,1,,,,,,,,,,,,,,,,,,,,,,,,,,,,,,,,,,,,,,,,,,,,,,,,,,,,,,,,,,,,,,,,,,,,,,,,,,,,1,,0,1,2,,,
1896,Canadian League,F20571,Rathburn,A. J.,,,regular,0,London,,,,,,,,,,,,,,,,,,,,,,,,,,,,,,,,,,,,,,,,,,,,,,,,,,,,,,,,,,,,,,,,,,,,,,1,,,,,,,,,,,,,,,,,,,,,,,,,,,,,,,,,,,,,,,,,,,,,,,,,,,,,,,,,,,,,,,,,,,,,,,,,,,,19,,13,11,5,,,
1896,Canadian League,F20583,Reid,Andy,,,regular,0,Galt,,,,,,,,,,,,,,,,,,,,,,,,,,,,,,,,,,,,,,,,,,,,,,,,,,,,,,,,,,,,,,,,,,,,,,,,,,,,,,,,,,,,,,,,,,,,,,,,,,,,,,,,,,,,,,,,,,,,,,,,,,,,,,,,,,,,,,,,,,,,,,,,,,22,,74,44,2,,,
1896,Canadian League,F20594,Rice,,,,regular,0,Galt,,,,,,,,,,,,,,,,,,,,,,,,,,,,,,,,,,,,,,,,,,,,,,,,,,,,,,,,,,,,,,,,,,,,,,,,,,,,,,,,,,,,,,,,,,,,,,,,,,,,,,,,,,,,,,,,,,,,,,,,,,,,,,,,,,,,,,,,,1,,,,,,,,,1,,0,1,0,,,
1896,Canadian League,F20604,Richardson,A. L.,,,regular,0,Hamilton,,,,,,,,,,,,,,,,,,,,,,,,,,,,,,,,,,,,,,,,,,,,,,,,,,,,,,,,,,,,,,,,,,,,,,,,,,,,,,,,,,,,,,,,1,,,,,,,,,,,,,,,,,,,,,,,,,,,,,,,,,,,,,,,,,,,,,,,,,,,,,,,,,,3,,2,1,1,,,
1896,Canadian League,F20612,Ripley,,,,regular,0,Hamilton,,,,,,,,,,,,,,,,,,,,,,,,,,,,,,,,,,,,,,,,,,,,,,,,,,,,,,,,,,,,,,,,,,,,,,,,,,,,,,,,,,,,,,,,1,,,,,,,,,,,,,,,,,,,,,,,,,,,,,,,,,,,,,,,,,,,,,,,,,,,,,,,,,,11,,9,1,4,,,
1896,Canadian League,F20620,Roberts,,,,regular,0,Guelph,,,,,,,,,,,,,,,,,,,,,,,,,,,,,,,,,,,,,,,,,,,,,,,,,,,,,,,,,,,,,,,,,,,,,,,,,,,,,,,,,,,,,,,,,,,,,,,,,,,,,,,,,,,,,,,,,,,,,,,,,,,,1,,,,,,,,,,,,,,,,,,,,,,35,,159,35,13,,,
1896,Canadian League,F20636,Sheere,Bert,,,regular,0,London,,,,,,,,,,,,,,,,,,,,,,,,,,,,,,,,,,,,,,,,,,,,,,,,,,,,,,,,,,,,,,,,,,,,,,,,,,,,,,,,,,,,,,,,,,,,,,,,,,,,,,,,,,,,,,,,,,,,,,,,,,,,,,,,,,,,,,,,,,,,,,,,,,9,,5,13,3,,,
1896,Canadian League,F20648,Sippi,Arthur,,,regular,0,London,,,,,,,,,,,,,,,,,,,,,,,,,,,,,,,,,,,,,,,,,,,,,,,,,,,,,,,,,,,,,1,,,,,,,,,,,,,,,,,,,,,,,,,,,,,,,,,,,,,,,,,,,,,,,,,,,,,,,,,,,,,,,,,,,,,,,,,,,,,,,,,,,,,31,,106,99,,,,
1896,Canadian League,F20657,Snyder,Frank,,,regular,0,,,,,,,,,,,,,,,,,,,,,,,,,,,,,,,,,,,,,,,,,,,,,,,,,,,,,,,,,,,,,,,,,,,,,,,,,,,,,,,,,,,,,,,,,,,,,,,,,,,,,,,,,,,,,,,,,,,,,,,,,,,,,,,,,,,,,,,,,,,,,,,,,,,32,,124,50,,,,
1896,Canadian League,F20661,Stoneman,,,,regular,0,Hamilton,,,,,,,,,,,,,,,,,,,,,,,,,,,,,,,,,,,,,,,,,,,,,,,,,,,,,,,,,,,,,,,,,,,,,,,,,,,,,,,,,,,,,,,,,,,,,,,,,,,,,,,,,,,,,,,,,,,,,,,,,,,,,,,,,,,,,,,,,,,,,,,,,,13,,15,5,6,,,
1896,Canadian League,F20673,Strowger,Al,,,regular,0,London,,,,,,,,,,,,,,,,,,,,,,,,,,,,,,,,,,,,,,,,,,,,,,,,,,,,,,,,,,,,,,,,,,,,,,,,,,,,,,,1,,,,,,,,,,,,,,,,,,,,,,,,,,,,,,,,,,,,,,,,,,,,,,,,,,,,,,,,,,,,,,,,,,,32,,59,104,2,,,
1896,Canadian League,F20685,Sturtevent,,,,regular,1,Galt,,,,,,,,,,,,,,,,,,,,,,,,,,,,,,,,,,,,,,,,,,,,,,,,,,,,,,,,,,,,,,,,,,,,,,,,,,,,,,,,,,,,,,,,,,,,,,,,,,,,,,,,,,,,,,,,,,,,,,,,,,,,,,,,,,,,,,,,,,,,,,,,,,,,,,,,,
1896,Canadian League,F20685,Sturtevent,,,,regular,2,Hamilton,,,,,,,,,,,,,,,,,,,,,,,,,,,,,,,,,,,,,,,,,,,,,,,,,,,,,,,,,,,,,,,,,,,,,,,,,,,,,,,,,,,,,,,,,,,,,,,,,,,,,,,,,,,,,,,,,,,,,,,,,,,,,,,,,,,,,,,,,,,,,,,,,,,,,,,,,
1896,Canadian League,F20685,Sturtevent,,,,regular,T,,,,,,,,,,,,,,,,,,,,,,,,,,,,,,,,,,,,,,,,,,,,,,,,,,,,,,,,,,,,,,,,,,,,,,,,,,,,,,,,,,,,,,,,,,,,,,,,,,,,,,,,,,,,,,,,,,,,,,,,,,,,,,,,,,,,,,,,,,,,,,,,,,,7,,11,2,4,,,
1896,Canadian League,F20699,Sullivan,,,,regular,0,Guelph,,,,,,,,,,,,,,,,,,,,,,,,,,,,,,,,,,,,,,,,,,,,,,,,,,,,,,,,,,,,,1,,,,,,,,,,,,,,,,,,,,,,,,,,,,,,,,,,,,,,,,,,,,,,,,,,,,,,,,,,,,,,,,,,,,,,,,,,,,,,,,,,,,,11,,35,45,6,,,
1896,Canadian League,F20700,Thorpe,Sam,,,regular,0,London,,,,,,,,,,,,,,,,,,,,,,,,,,,,,,,,,,,,,,,,,,,,,,,,,,,,,,,,,,,,,,,,,,,,,,,,,,,,,,,,,,,,,,,,,,,,,,,,,,,,,,,,,,,,,,,,,,,,,,,,,,,,1,,,,,,,,,,,,,,,,,,,,,,3,,13,1,3,,,
1896,Canadian League,F20713,Tierney,,,,regular,0,London,,,,,,,,,,,,,,,,,,,,,,,,,,,,,,,,,,,,,,,,,,,,,,,,,,,,,,,,,,,,,,,,,,,,,,1,,,,,,,,,,,,,,,,,,,,,,,,,,,,,,,,,,,,,,,,,,,,,,,,,,,,,,,,,,,,,,,,,,,,,,,,,,,,9,,10,11,7,,,
1896,Canadian League,F20721,Wood,Albert,,,regular,0,London,,,,,,,,,,,,,,,,,,,,,,,,,,,,,,,,,,,,,,,,,,,,,,,,,,,,,,,,,,,,,,,,,,,,,,,,,,,,,,,,,,,,,,,,,,,,,,,,,,,,,,,,,,,,,,,,,,,,,,,,,,,,,,,,,,,,,,,,,1,,,,,,,,,18,,10,43,5,,,
1896,Canadian League,F20737,Wood,Peter,,,regular,0,London,,,,,,,,,,,,,,,,,,,,,,,,,,,,,,,,,,,,,,,,,,,,,,,,,,,,,,,,,,,,,,,,,,,,,,,,,,,,,,,,,,,,,,,,,,,,,,,,,,,,,,,,,,,,,,,,,,,,,,,,,,,,,,,,,,,,,,,,,,,,,,,,,,29,,275,9,1,,,
1949,Kansas-Oklahoma-Missouri League,B00013,Barton,Samuel,,,regular,0,Bartlesville,,,,,,,,,,,,,,,,,,,,,,,,,,,,,,,,,,,,,,,,,,,,,,,,,,,,,,,,,,,,,,,,,,,,,,,,,,,,,,,,,,,,,,,,,,,,,,,,,,,,,,,,,,,,,,,,,,,,,,,,,,,,,,,,,,,,,,,,,,,,,,,,,,,,,,,,,
1949,Kansas-Oklahoma-Missouri League,B00021,Briggs,Forrest,L,,regular,0,Bartlesville,,,,,,,,,,,,,,,,,,,,,,,,,,,,,,,,,,,,,,,,,,,,,,,,,,,,,,,,,,,,,,,,,,,,,,,,,,,,,,,,,,,,,,,,,,,,,,,,,,,,,,,,,,,,,,,,,,,,,,,,,,,,,,,,,,,,,,,,,,,,,,,,,,,,,,,,,
1949,Kansas-Oklahoma-Missouri League,B00037,Boyd,Kenneth,L,,regular,0,Bartlesville,,,,,,,,,,,,,,,,,,,,,,,,,,,,,,,,,,,,,,,,,,,,,,,,,,,,,,,,,,,,,,,,,,,,,,,,,,,,,,,,,,,,,,,,,,,,,,,,,,,,,,,,,,,,,,,,,,,,,,,,,,,,,,,,,,,,,,,,,,,,,,,,,,,,,,,,,
1949,Kansas-Oklahoma-Missouri League,B00045,Craig,William,,,regular,0,Bartlesville,,,,,,,,,,,,,,,,,,,,,,,,,,,,,,,,,,,,,,,,,,,,,,,,,,,,,,,,,,,,,,,,,,,,,,,,,,,,,,,,,,,,,,,,,,,,,,,,,,,,,,,,,,,,,,,,,,,,,,,,,,,,,,,,,,,,,,,,,,,,,,,,,,,,,,,,,
1949,Kansas-Oklahoma-Missouri League,B00059,Garner,Fred,,,regular,0,Bartlesville,,,,,,,,,,,,,,,,,,,,,,,,,,,,,,,,,,,,,,,,,,,,,,,,,,,,,,,,,,,,,,,,,,,,,,,,,,,,,,,,,,,,,,,,,,,,,,,,,,,,,,,,,,,,,,,,,,,,,,,,,,,,,,,,,,,,,,,,,,,,,,,,,,,,,,,,,
1949,Kansas-Oklahoma-Missouri League,B00068,Gilmer,William,,,regular,0,Bartlesville,,,,,,,,,,,,,,,,,,,,,,,,,,,,,,,,,,,,,,,,,,,,,,,,,,,,,,,,,,,,,,,,,,,,,,,,,,,,,,,,,,,,,,,,,,,,,,,,,,,,,,,,,,,,,,,,,,,,,,,,,,,,,,,,,,,,,,,,,,,,,,,,,,,,,,,,,
1949,Kansas-Oklahoma-Missouri League,B00076,Grove,Donald,L,,regular,0,Bartlesville,,,,,,,,,,,,,,,,,,,,,,,,,,,,,,,,,,,,,,,,,,,,,,,,,,,,,,,,,,,,,,,,,,,,,,,,,,,,,,,,,,,,,,,,,,,,,,,,,,,,,,,,,,,,,,,,,,,,,,,,,,,,,,,,,,,,,,,,,,,,,,,,,,,,,,,,,
1949,Kansas-Oklahoma-Missouri League,B00084,Iacovelli,Carl,,,regular,0,Bartlesville,,,,,,,,,,,,,,,,,,,,,,,,,,,,,,,,,,,,,,,,,,,,,,,,,,,,,,,,,,,,,,,,,,,,,,,,,,,,,,,,,,,,,,,,,,,,,,,,,,,,,,,,,,,,,,,,,,,,,,,,,,,,,,,,,,,,,,,,,,,,,,,,,,,,,,,,,
1949,Kansas-Oklahoma-Missouri League,B00092,Mehan,James,,,regular,0,Bartlesville,,,,,,,,,,,,,,,,,,,,,,,,,,,,,,,,,,,,,,,,,,,,,,,,,,,,,,,,,,,,,,,,,,,,,,,,,,,,,,,,,,,,,,,,,,,,,,,,,,,,,,,,,,,,,,,,,,,,,,,,,,,,,,,,,,,,,,,,,,,,,,,,,,,,,,,,,
1949,Kansas-Oklahoma-Missouri League,B00101,Monteil,Paul,,,regular,0,Bartlesville,,,,,,,,,,,,,,,,,,,,,,,,,,,,,,,,,,,,,,,,,,,,,,,,,,,,,,,,,,,,,,,,,,,,,,,,,,,,,,,,,,,,,,,,,,,,,,,,,,,,,,,,,,,,,,,,,,,,,,,,,,,,,,,,,,,,,,,,,,,,,,,,,,,,,,,,,
1949,Kansas-Oklahoma-Missouri League,B00117,Peake,Ralph,L,,regular,0,Bartlesville,,,,,,,,,,,,,,,,,,,,,,,,,,,,,,,,,,,,,,,,,,,,,,,,,,,,,,,,,,,,,,,,,,,,,,,,,,,,,,,,,,,,,,,,,,,,,,,,,,,,,,,,,,,,,,,,,,,,,,,,,,,,,,,,,,,,,,,,,,,,,,,,,,,,,,,,,
1949,Kansas-Oklahoma-Missouri League,B00125,Smith,John B.,,,regular,0,Bartlesville,,,,,,,,,,,,,,,,,,,,,,,,,,,,,,,,,,,,,,,,,,,,,,,,,,,,,,,,,,,,,,,,,,,,,,,,,,,,,,,,,,,,,,,,,,,,,,,,,,,,,,,,,,,,,,,,,,,,,,,,,,,,,,,,,,,,,,,,,,,,,,,,,,,,,,,,,
1949,Kansas-Oklahoma-Missouri League,B00130,Stoops,William,,,regular,0,Bartlesville,,,,,,,,,,,,,,,,,,,,,,,,,,,,,,,,,,,,,,,,,,,,,,,,,,,,,,,,,,,,,,,,,,,,,,,,,,,,,,,,,,,,,,,,,,,,,,,,,,,,,,,,,,,,,,,,,,,,,,,,,,,,,,,,,,,,,,,,,,,,,,,,,,,,,,,,,
1949,Kansas-Oklahoma-Missouri League,B00149,Tond,Louis,,,regular,0,Bartlesville,,,,,,,,,,,,,,,,,,,,,,,,,,,,,,,,,,,,,,,,,,,,,,,,,,,,,,,,,,,,,,,,,,,,,,,,,,,,,,,,,,,,,,,,,,,,,,,,,,,,,,,,,,,,,,,,,,,,,,,,,,,,,,,,,,,,,,,,,,,,,,,,,,,,,,,,,
1949,Kansas-Oklahoma-Missouri League,B00158,Zugay,Joseph,L,,regular,0,Bartlesville,,,,,,,,,,,,,,,,,,,,,,,,,,,,,,,,,,,,,,,,,,,,,,,,,,,,,,,,,,,,,,,,,,,,,,,,,,,,,,,,,,,,,,,,,,,,,,,,,,,,,,,,,,,,,,,,,,,,,,,,,,,,,,,,,,,,,,,,,,,,,,,,,,,,,,,,,
1949,Kansas-Oklahoma-Missouri League,B00163,Alsop,Charles,,,regular,0,Carthage,,,,,,,,,,,,,,,,,,,,,,,,,,,,,,,,,,,,,,,,,,,,,,,,,,,,,,,,,,,,,,,,,,,,,,,,,,,,,,,,,,,,,,,,,,,,,,,,,,,,,,,,,,,,,,,,,,,,,,,,,,,,,,,,,,,,,,,,,,,,,,,,,,,,,,,,,
1949,Kansas-Oklahoma-Missouri League,B00174,Contreras,Domingo,,,regular,0,Carthage,,,,,,,,,,,,,,,,,,,,,,,,,,,,,,,,,,,,,,,,,,,,,,,,,,,,,,,,,,,,,,,,,,,,,,,,,,,,,,,,,,,,,,,,,,,,,,,,,,,,,,,,,,,,,,,,,,,,,,,,,,,,,,,,,,,,,,,,,,,,,,,,,,,,,,,,,
1949,Kansas-Oklahoma-Missouri League,B00182,Hoffmeister,Paul,,,regular,0,Carthage,,,,,,,,,,,,,,,,,,,,,,,,,,,,,,,,,,,,,,,,,,,,,,,,,,,,,,,,,,,,,,,,,,,,,,,,,,,,,,,,,,,,,,,,,,,,,,,,,,,,,,,,,,,,,,,,,,,,,,,,,,,,,,,,,,,,,,,,,,,,,,,,,,,,,,,,,
1949,Kansas-Oklahoma-Missouri League,B00196,Johnson,Leslie,,,regular,0,Carthage,,,,,,,,,,,,,,,,,,,,,,,,,,,,,,,,,,,,,,,,,,,,,,,,,,,,,,,,,,,,,,,,,,,,,,,,,,,,,,,,,,,,,,,,,,,,,,,,,,,,,,,,,,,,,,,,,,,,,,,,,,,,,,,,,,,,,,,,,,,,,,,,,,,,,,,,,
1949,Kansas-Oklahoma-Missouri League,B00207,Kirschner,Gordyn,,,regular,0,Carthage,,,,,,,,,,,,,,,,,,,,,,,,,,,,,,,,,,,,,,,,,,,,,,,,,,,,,,,,,,,,,,,,,,,,,,,,,,,,,,,,,,,,,,,,,,,,,,,,,,,,,,,,,,,,,,,,,,,,,,,,,,,,,,,,,,,,,,,,,,,,,,,,,,,,,,,,,
1949,Kansas-Oklahoma-Missouri League,B00210,Knapton,William,,,regular,0,Carthage,,,,,,,,,,,,,,,,,,,,,,,,,,,,,,,,,,,,,,,,,,,,,,,,,,,,,,,,,,,,,,,,,,,,,,,,,,,,,,,,,,,,,,,,,,,,,,,,,,,,,,,,,,,,,,,,,,,,,,,,,,,,,,,,,,,,,,,,,,,,,,,,,,,,,,,,,
1949,Kansas-Oklahoma-Missouri League,B00229,McCalman,John,,,regular,0,Carthage,,,,,,,,,,,,,,,,,,,,,,,,,,,,,,,,,,,,,,,,,,,,,,,,,,,,,,,,,,,,,,,,,,,,,,,,,,,,,,,,,,,,,,,,,,,,,,,,,,,,,,,,,,,,,,,,,,,,,,,,,,,,,,,,,,,,,,,,,,,,,,,,,,,,,,,,,
1949,Kansas-Oklahoma-Missouri League,B00232,Meier,Allan,,,regular,0,Carthage,,,,,,,,,,,,,,,,,,,,,,,,,,,,,,,,,,,,,,,,,,,,,,,,,,,,,,,,,,,,,,,,,,,,,,,,,,,,,,,,,,,,,,,,,,,,,,,,,,,,,,,,,,,,,,,,,,,,,,,,,,,,,,,,,,,,,,,,,,,,,,,,,,,,,,,,,
1949,Kansas-Oklahoma-Missouri League,B00241,Thomas,Harrison,L,,regular,0,Carthage,,,,,,,,,,,,,,,,,,,,,,,,,,,,,,,,,,,,,,,,,,,,,,,,,,,,,,,,,,,,,,,,,,,,,,,,,,,,,,,,,,,,,,,,,,,,,,,,,,,,,,,,,,,,,,,,,,,,,,,,,,,,,,,,,,,,,,,,,,,,,,,,,,,,,,,,,
1949,Kansas-Oklahoma-Missouri League,B00255,Werling,Ralph,,,regular,0,Carthage,,,,,,,,,,,,,,,,,,,,,,,,,,,,,,,,,,,,,,,,,,,,,,,,,,,,,,,,,,,,,,,,,,,,,,,,,,,,,,,,,,,,,,,,,,,,,,,,,,,,,,,,,,,,,,,,,,,,,,,,,,,,,,,,,,,,,,,,,,,,,,,,,,,,,,,,,
1949,Kansas-Oklahoma-Missouri League,B00264,Beck,Daniel,,,regular,0,Chanute,,,,,,,,,,,,,,,,,,,,,,,,,,,,,,,,,,,,,,,,,,,,,,,,,,,,,,,,,,,,,,,,,,,,,,,,,,,,,,,,,,,,,,,,,,,,,,,,,,,,,,,,,,,,,,,,,,,,,,,,,,,,,,,,,,,,,,,,,,,,,,,,,,,,,,,,,
1949,Kansas-Oklahoma-Missouri League,B00278,Callahan,George,,,regular,0,Chanute,,,,,,,,,,,,,,,,,,,,,,,,,,,,,,,,,,,,,,,,,,,,,,,,,,,,,,,,,,,,,,,,,,,,,,,,,,,,,,,,,,,,,,,,,,,,,,,,,,,,,,,,,,,,,,,,,,,,,,,,,,,,,,,,,,,,,,,,,,,,,,,,,,,,,,,,,
1949,Kansas-Oklahoma-Missouri League,B00286,Hosaflock,Jerry,,,regular,0,Chanute,,,,,,,,,,,,,,,,,,,,,,,,,,,,,,,,,,,,,,,,,,,,,,,,,,,,,,,,,,,,,,,,,,,,,,,,,,,,,,,,,,,,,,,,,,,,,,,,,,,,,,,,,,,,,,,,,,,,,,,,,,,,,,,,,,,,,,,,,,,,,,,,,,,,,,,,,
1949,Kansas-Oklahoma-Missouri League,B00293,Imbeau,James,,,regular,0,Chanute,,,,,,,,,,,,,,,,,,,,,,,,,,,,,,,,,,,,,,,,,,,,,,,,,,,,,,,,,,,,,,,,,,,,,,,,,,,,,,,,,,,,,,,,,,,,,,,,,,,,,,,,,,,,,,,,,,,,,,,,,,,,,,,,,,,,,,,,,,,,,,,,,,,,,,,,,
1949,Kansas-Oklahoma-Missouri League,B00308,Ketchum,Albert,,,regular,0,Chanute,,,,,,,,,,,,,,,,,,,,,,,,,,,,,,,,,,,,,,,,,,,,,,,,,,,,,,,,,,,,,,,,,,,,,,,,,,,,,,,,,,,,,,,,,,,,,,,,,,,,,,,,,,,,,,,,,,,,,,,,,,,,,,,,,,,,,,,,,,,,,,,,,,,,,,,,,
1949,Kansas-Oklahoma-Missouri League,B00319,Marcil,Lee,,,regular,0,Chanute,,,,,,,,,,,,,,,,,,,,,,,,,,,,,,,,,,,,,,,,,,,,,,,,,,,,,,,,,,,,,,,,,,,,,,,,,,,,,,,,,,,,,,,,,,,,,,,,,,,,,,,,,,,,,,,,,,,,,,,,,,,,,,,,,,,,,,,,,,,,,,,,,,,,,,,,,
1949,Kansas-Oklahoma-Missouri League,B00324,Newkirk,Dave,,,regular,0,Chanute,,,,,,,,,,,,,,,,,,,,,,,,,,,,,,,,,,,,,,,,,,,,,,,,,,,,,,,,,,,,,,,,,,,,,,,,,,,,,,,,,,,,,,,,,,,,,,,,,,,,,,,,,,,,,,,,,,,,,,,,,,,,,,,,,,,,,,,,,,,,,,,,,,,,,,,,,
1949,Kansas-Oklahoma-Missouri League,B00335,Smith,Jean W.,L,,regular,0,Chanute,,,,,,,,,,,,,,,,,,,,,,,,,,,,,,,,,,,,,,,,,,,,,,,,,,,,,,,,,,,,,,,,,,,,,,,,,,,,,,,,,,,,,,,,,,,,,,,,,,,,,,,,,,,,,,,,,,,,,,,,,,,,,,,,,,,,,,,,,,,,,,,,,,,,,,,,,
1949,Kansas-Oklahoma-Missouri League,B00343,Urban,Francis,,,regular,0,Chanute,,,,,,,,,,,,,,,,,,,,,,,,,,,,,,,,,,,,,,,,,,,,,,,,,,,,,,,,,,,,,,,,,,,,,,,,,,,,,,,,,,,,,,,,,,,,,,,,,,,,,,,,,,,,,,,,,,,,,,,,,,,,,,,,,,,,,,,,,,,,,,,,,,,,,,,,,
1949,Kansas-Oklahoma-Missouri League,B00356,Zawatzki,John,,,regular,0,Chanute,,,,,,,,,,,,,,,,,,,,,,,,,,,,,,,,,,,,,,,,,,,,,,,,,,,,,,,,,,,,,,,,,,,,,,,,,,,,,,,,,,,,,,,,,,,,,,,,,,,,,,,,,,,,,,,,,,,,,,,,,,,,,,,,,,,,,,,,,,,,,,,,,,,,,,,,,
1949,Kansas-Oklahoma-Missouri League,B00362,Cobb,James,,,regular,0,Independence,,,,,,,,,,,,,,,,,,,,,,,,,,,,,,,,,,,,,,,,,,,,,,,,,,,,,,,,,,,,,,,,,,,,,,,,,,,,,,,,,,,,,,,,,,,,,,,,,,,,,,,,,,,,,,,,,,,,,,,,,,,,,,,,,,,,,,,,,,,,,,,,,,,,,,,,,
1949,Kansas-Oklahoma-Missouri League,B00370,Groves,Harold,,,regular,0,Independence,,,,,,,,,,,,,,,,,,,,,,,,,,,,,,,,,,,,,,,,,,,,,,,,,,,,,,,,,,,,,,,,,,,,,,,,,,,,,,,,,,,,,,,,,,,,,,,,,,,,,,,,,,,,,,,,,,,,,,,,,,,,,,,,,,,,,,,,,,,,,,,,,,,,,,,,,
1949,Kansas-Oklahoma-Missouri League,B00381,Mathews,Donald,,,regular,0,Independence,,,,,,,,,,,,,,,,,,,,,,,,,,,,,,,,,,,,,,,,,,,,,,,,,,,,,,,,,,,,,,,,,,,,,,,,,,,,,,,,,,,,,,,,,,,,,,,,,,,,,,,,,,,,,,,,,,,,,,,,,,,,,,,,,,,,,,,,,,,,,,,,,,,,,,,,,
1949,Kansas-Oklahoma-Missouri League,B00397,Moffitt,Burl,,,regular,0,Independence,,,,,,,,,,,,,,,,,,,,,,,,,,,,,,,,,,,,,,,,,,,,,,,,,,,,,,,,,,,,,,,,,,,,,,,,,,,,,,,,,,,,,,,,,,,,,,,,,,,,,,,,,,,,,,,,,,,,,,,,,,,,,,,,,,,,,,,,,,,,,,,,,,,,,,,,,
1949,Kansas-Oklahoma-Missouri League,B00403,Stemmo,Lynne,L,,regular,0,Independence,,,,,,,,,,,,,,,,,,,,,,,,,,,,,,,,,,,,,,,,,,,,,,,,,,,,,,,,,,,,,,,,,,,,,,,,,,,,,,,,,,,,,,,,,,,,,,,,,,,,,,,,,,,,,,,,,,,,,,,,,,,,,,,,,,,,,,,,,,,,,,,,,,,,,,,,,
1949,Kansas-Oklahoma-Missouri League,B00416,Wehunt,Rex,L,,regular,0,Independence,,,,,,,,,,,,,,,,,,,,,,,,,,,,,,,,,,,,,,,,,,,,,,,,,,,,,,,,,,,,,,,,,,,,,,,,,,,,,,,,,,,,,,,,,,,,,,,,,,,,,,,,,,,,,,,,,,,,,,,,,,,,,,,,,,,,,,,,,,,,,,,,,,,,,,,,,
1949,Kansas-Oklahoma-Missouri League,B00427,Scott,Edward,,,regular,0,Bartlesville,,,,,,,,,,,,,,,,,,,,,,,,,,,,,,,,,,,,,,,,,,,,,,,,,,,,,,,,,,,,,,,,,,,,,,,,,,,,,,,,,,,,,,,,,,,,,,,,,,,,,,,,,,,,,,,,,,,,,,,,,,,,,,,,,,,,,,,,,,,,,,,,,,,,,,,,,
1949,Kansas-Oklahoma-Missouri League,B00434,Stadveo,Robert,,,regular,0,Iola,,,,,,,,,,,,,,,,,,,,,,,,,,,,,,,,,,,,,,,,,,,,,,,,,,,,,,,,,,,,,,,,,,,,,,,,,,,,,,,,,,,,,,,,,,,,,,,,,,,,,,,,,,,,,,,,,,,,,,,,,,,,,,,,,,,,,,,,,,,,,,,,,,,,,,,,,
1949,Kansas-Oklahoma-Missouri League,B00442,Belrose,Edsel,,,regular,0,Miami,,,,,,,,,,,,,,,,,,,,,,,,,,,,,,,,,,,,,,,,,,,,,,,,,,,,,,,,,,,,,,,,,,,,,,,,,,,,,,,,,,,,,,,,,,,,,,,,,,,,,,,,,,,,,,,,,,,,,,,,,,,,,,,,,,,,,,,,,,,,,,,,,,,,,,,,,
1949,Kansas-Oklahoma-Missouri League,B00450,Brown,A. Marvin,L,,regular,0,Miami,,,,,,,,,,,,,,,,,,,,,,,,,,,,,,,,,,,,,,,,,,,,,,,,,,,,,,,,,,,,,,,,,,,,,,,,,,,,,,,,,,,,,,,,,,,,,,,,,,,,,,,,,,,,,,,,,,,,,,,,,,,,,,,,,,,,,,,,,,,,,,,,,,,,,,,,,
1949,Kansas-Oklahoma-Missouri League,B00469,Brown,David,,,regular,0,Miami,,,,,,,,,,,,,,,,,,,,,,,,,,,,,,,,,,,,,,,,,,,,,,,,,,,,,,,,,,,,,,,,,,,,,,,,,,,,,,,,,,,,,,,,,,,,,,,,,,,,,,,,,,,,,,,,,,,,,,,,,,,,,,,,,,,,,,,,,,,,,,,,,,,,,,,,,
1949,Kansas-Oklahoma-Missouri League,B00475,Buckner,Raymond,L,,regular,0,Miami,,,,,,,,,,,,,,,,,,,,,,,,,,,,,,,,,,,,,,,,,,,,,,,,,,,,,,,,,,,,,,,,,,,,,,,,,,,,,,,,,,,,,,,,,,,,,,,,,,,,,,,,,,,,,,,,,,,,,,,,,,,,,,,,,,,,,,,,,,,,,,,,,,,,,,,,,
1949,Kansas-Oklahoma-Missouri League,B00488,Burwell,Frank,L,,regular,0,Miami,,,,,,,,,,,,,,,,,,,,,,,,,,,,,,,,,,,,,,,,,,,,,,,,,,,,,,,,,,,,,,,,,,,,,,,,,,,,,,,,,,,,,,,,,,,,,,,,,,,,,,,,,,,,,,,,,,,,,,,,,,,,,,,,,,,,,,,,,,,,,,,,,,,,,,,,,
1949,Kansas-Oklahoma-Missouri League,B00491,Claussen,Darrell,,,regular,0,Miami,,,,,,,,,,,,,,,,,,,,,,,,,,,,,,,,,,,,,,,,,,,,,,,,,,,,,,,,,,,,,,,,,,,,,,,,,,,,,,,,,,,,,,,,,,,,,,,,,,,,,,,,,,,,,,,,,,,,,,,,,,,,,,,,,,,,,,,,,,,,,,,,,,,,,,,,,
1949,Kansas-Oklahoma-Missouri League,B00502,Garrett,Emerson,,,regular,0,Miami,,,,,,,,,,,,,,,,,,,,,,,,,,,,,,,,,,,,,,,,,,,,,,,,,,,,,,,,,,,,,,,,,,,,,,,,,,,,,,,,,,,,,,,,,,,,,,,,,,,,,,,,,,,,,,,,,,,,,,,,,,,,,,,,,,,,,,,,,,,,,,,,,,,,,,,,,
1949,Kansas-Oklahoma-Missouri League,B00515,Green,Fred,,,regular,0,Miami,,,,,,,,,,,,,,,,,,,,,,,,,,,,,,,,,,,,,,,,,,,,,,,,,,,,,,,,,,,,,,,,,,,,,,,,,,,,,,,,,,,,,,,,,,,,,,,,,,,,,,,,,,,,,,,,,,,,,,,,,,,,,,,,,,,,,,,,,,,,,,,,,,,,,,,,,
1949,Kansas-Oklahoma-Missouri League,B00528,Haines,,,,regular,0,Miami,,,,,,,,,,,,,,,,,,,,,,,,,,,,,,,,,,,,,,,,,,,,,,,,,,,,,,,,,,,,,,,,,,,,,,,,,,,,,,,,,,,,,,,,,,,,,,,,,,,,,,,,,,,,,,,,,,,,,,,,,,,,,,,,,,,,,,,,,,,,,,,,,,,,,,,,,
1949,Kansas-Oklahoma-Missouri League,B00531,Hirlbach,Carl,,,regular,0,Miami,,,,,,,,,,,,,,,,,,,,,,,,,,,,,,,,,,,,,,,,,,,,,,,,,,,,,,,,,,,,,,,,,,,,,,,,,,,,,,,,,,,,,,,,,,,,,,,,,,,,,,,,,,,,,,,,,,,,,,,,,,,,,,,,,,,,,,,,,,,,,,,,,,,,,,,,,
1949,Kansas-Oklahoma-Missouri League,B00544,Martinez,Richard,,,regular,0,Independence,,,,,,,,,,,,,,,,,,,,,,,,,,,,,,,,,,,,,,,,,,,,,,,,,,,,,,,,,,,,,,,,,,,,,,,,,,,,,,,,,,,,,,,,,,,,,,,,,,,,,,,,,,,,,,,,,,,,,,,,,,,,,,,,,,,,,,,,,,,,,,,,,,,,,,,,,
1949,Kansas-Oklahoma-Missouri League,B00553,Montgomery,Robert,,,regular,0,Miami,,,,,,,,,,,,,,,,,,,,,,,,,,,,,,,,,,,,,,,,,,,,,,,,,,,,,,,,,,,,,,,,,,,,,,,,,,,,,,,,,,,,,,,,,,,,,,,,,,,,,,,,,,,,,,,,,,,,,,,,,,,,,,,,,,,,,,,,,,,,,,,,,,,,,,,,,
1949,Kansas-Oklahoma-Missouri League,B00566,Peacock,Elmer,,,regular,0,Miami,,,,,,,,,,,,,,,,,,,,,,,,,,,,,,,,,,,,,,,,,,,,,,,,,,,,,,,,,,,,,,,,,,,,,,,,,,,,,,,,,,,,,,,,,,,,,,,,,,,,,,,,,,,,,,,,,,,,,,,,,,,,,,,,,,,,,,,,,,,,,,,,,,,,,,,,,
1949,Kansas-Oklahoma-Missouri League,B00577,Roach,Raymond,,,regular,0,Miami,,,,,,,,,,,,,,,,,,,,,,,,,,,,,,,,,,,,,,,,,,,,,,,,,,,,,,,,,,,,,,,,,,,,,,,,,,,,,,,,,,,,,,,,,,,,,,,,,,,,,,,,,,,,,,,,,,,,,,,,,,,,,,,,,,,,,,,,,,,,,,,,,,,,,,,,,
1949,Kansas-Oklahoma-Missouri League,B00589,Robbins,Norman,,,regular,0,Miami,,,,,,,,,,,,,,,,,,,,,,,,,,,,,,,,,,,,,,,,,,,,,,,,,,,,,,,,,,,,,,,,,,,,,,,,,,,,,,,,,,,,,,,,,,,,,,,,,,,,,,,,,,,,,,,,,,,,,,,,,,,,,,,,,,,,,,,,,,,,,,,,,,,,,,,,,
1949,Kansas-Oklahoma-Missouri League,B00590,Scheele,Donald,,,regular,0,Miami,,,,,,,,,,,,,,,,,,,,,,,,,,,,,,,,,,,,,,,,,,,,,,,,,,,,,,,,,,,,,,,,,,,,,,,,,,,,,,,,,,,,,,,,,,,,,,,,,,,,,,,,,,,,,,,,,,,,,,,,,,,,,,,,,,,,,,,,,,,,,,,,,,,,,,,,,
1949,Kansas-Oklahoma-Missouri League,B00609,Smith,Thomas F.,,,regular,0,Miami,,,,,,,,,,,,,,,,,,,,,,,,,,,,,,,,,,,,,,,,,,,,,,,,,,,,,,,,,,,,,,,,,,,,,,,,,,,,,,,,,,,,,,,,,,,,,,,,,,,,,,,,,,,,,,,,,,,,,,,,,,,,,,,,,,,,,,,,,,,,,,,,,,,,,,,,,
1949,Kansas-Oklahoma-Missouri League,B00614,Weinheimer,Robert,,,regular,0,Miami,,,,,,,,,,,,,,,,,,,,,,,,,,,,,,,,,,,,,,,,,,,,,,,,,,,,,,,,,,,,,,,,,,,,,,,,,,,,,,,,,,,,,,,,,,,,,,,,,,,,,,,,,,,,,,,,,,,,,,,,,,,,,,,,,,,,,,,,,,,,,,,,,,,,,,,,,
1949,Kansas-Oklahoma-Missouri League,B00623,White,Robert,L,,regular,0,Miami,,,,,,,,,,,,,,,,,,,,,,,,,,,,,,,,,,,,,,,,,,,,,,,,,,,,,,,,,,,,,,,,,,,,,,,,,,,,,,,,,,,,,,,,,,,,,,,,,,,,,,,,,,,,,,,,,,,,,,,,,,,,,,,,,,,,,,,,,,,,,,,,,,,,,,,,,
1949,Kansas-Oklahoma-Missouri League,B00638,Bellotte,Anthony,,,regular,0,Pittsburg,,,,,,,,,,,,,,,,,,,,,,,,,,,,,,,,,,,,,,,,,,,,,,,,,,,,,,,,,,,,,,,,,,,,,,,,,,,,,,,,,,,,,,,,,,,,,,,,,,,,,,,,,,,,,,,,,,,,,,,,,,,,,,,,,,,,,,,,,,,,,,,,,,,,,,,,,
1949,Kansas-Oklahoma-Missouri League,B00646,Bogatie,George,L,,regular,0,Pittsburg,,,,,,,,,,,,,,,,,,,,,,,,,,,,,,,,,,,,,,,,,,,,,,,,,,,,,,,,,,,,,,,,,,,,,,,,,,,,,,,,,,,,,,,,,,,,,,,,,,,,,,,,,,,,,,,,,,,,,,,,,,,,,,,,,,,,,,,,,,,,,,,,,,,,,,,,,
1949,Kansas-Oklahoma-Missouri League,B00651,Bright,John,,,regular,0,Pittsburg,,,,,,,,,,,,,,,,,,,,,,,,,,,,,,,,,,,,,,,,,,,,,,,,,,,,,,,,,,,,,,,,,,,,,,,,,,,,,,,,,,,,,,,,,,,,,,,,,,,,,,,,,,,,,,,,,,,,,,,,,,,,,,,,,,,,,,,,,,,,,,,,,,,,,,,,,
1949,Kansas-Oklahoma-Missouri League,B00667,Byrd,Charles,,,regular,0,Pittsburg,,,,,,,,,,,,,,,,,,,,,,,,,,,,,,,,,,,,,,,,,,,,,,,,,,,,,,,,,,,,,,,,,,,,,,,,,,,,,,,,,,,,,,,,,,,,,,,,,,,,,,,,,,,,,,,,,,,,,,,,,,,,,,,,,,,,,,,,,,,,,,,,,,,,,,,,,
1949,Kansas-Oklahoma-Missouri League,B00672,Carle,Robert,,,regular,0,Pittsburg,,,,,,,,,,,,,,,,,,,,,,,,,,,,,,,,,,,,,,,,,,,,,,,,,,,,,,,,,,,,,,,,,,,,,,,,,,,,,,,,,,,,,,,,,,,,,,,,,,,,,,,,,,,,,,,,,,,,,,,,,,,,,,,,,,,,,,,,,,,,,,,,,,,,,,,,,
1949,Kansas-Oklahoma-Missouri League,B00680,Clyde,Patrick,,,regular,0,Pittsburg,,,,,,,,,,,,,,,,,,,,,,,,,,,,,,,,,,,,,,,,,,,,,,,,,,,,,,,,,,,,,,,,,,,,,,,,,,,,,,,,,,,,,,,,,,,,,,,,,,,,,,,,,,,,,,,,,,,,,,,,,,,,,,,,,,,,,,,,,,,,,,,,,,,,,,,,,
1949,Kansas-Oklahoma-Missouri League,B00695,Cooley,John,,,regular,0,Pittsburg,,,,,,,,,,,,,,,,,,,,,,,,,,,,,,,,,,,,,,,,,,,,,,,,,,,,,,,,,,,,,,,,,,,,,,,,,,,,,,,,,,,,,,,,,,,,,,,,,,,,,,,,,,,,,,,,,,,,,,,,,,,,,,,,,,,,,,,,,,,,,,,,,,,,,,,,,
1949,Kansas-Oklahoma-Missouri League,B00705,Fall,Ralph,,,regular,0,Pittsburg,,,,,,,,,,,,,,,,,,,,,,,,,,,,,,,,,,,,,,,,,,,,,,,,,,,,,,,,,,,,,,,,,,,,,,,,,,,,,,,,,,,,,,,,,,,,,,,,,,,,,,,,,,,,,,,,,,,,,,,,,,,,,,,,,,,,,,,,,,,,,,,,,,,,,,,,,
1949,Kansas-Oklahoma-Missouri League,B00718,Fowler,James,,,regular,0,Pittsburg,,,,,,,,,,,,,,,,,,,,,,,,,,,,,,,,,,,,,,,,,,,,,,,,,,,,,,,,,,,,,,,,,,,,,,,,,,,,,,,,,,,,,,,,,,,,,,,,,,,,,,,,,,,,,,,,,,,,,,,,,,,,,,,,,,,,,,,,,,,,,,,,,,,,,,,,,
1949,Kansas-Oklahoma-Missouri League,B00726,Gray,Madison,,,regular,0,Pittsburg,,,,,,,,,,,,,,,,,,,,,,,,,,,,,,,,,,,,,,,,,,,,,,,,,,,,,,,,,,,,,,,,,,,,,,,,,,,,,,,,,,,,,,,,,,,,,,,,,,,,,,,,,,,,,,,,,,,,,,,,,,,,,,,,,,,,,,,,,,,,,,,,,,,,,,,,,
1949,Kansas-Oklahoma-Missouri League,B00739,Harmon,Millard C.,L,,regular,0,Pittsburg,,,,,,,,,,,,,,,,,,,,,,,,,,,,,,,,,,,,,,,,,,,,,,,,,,,,,,,,,,,,,,,,,,,,,,,,,,,,,,,,,,,,,,,,,,,,,,,,,,,,,,,,,,,,,,,,,,,,,,,,,,,,,,,,,,,,,,,,,,,,,,,,,,,,,,,,,
1949,Kansas-Oklahoma-Missouri League,B00747,Meyers,Robert,,,regular,0,Pittsburg,,,,,,,,,,,,,,,,,,,,,,,,,,,,,,,,,,,,,,,,,,,,,,,,,,,,,,,,,,,,,,,,,,,,,,,,,,,,,,,,,,,,,,,,,,,,,,,,,,,,,,,,,,,,,,,,,,,,,,,,,,,,,,,,,,,,,,,,,,,,,,,,,,,,,,,,,
1949,Kansas-Oklahoma-Missouri League,B00752,Nacchio,John,,,regular,0,Pittsburg,,,,,,,,,,,,,,,,,,,,,,,,,,,,,,,,,,,,,,,,,,,,,,,,,,,,,,,,,,,,,,,,,,,,,,,,,,,,,,,,,,,,,,,,,,,,,,,,,,,,,,,,,,,,,,,,,,,,,,,,,,,,,,,,,,,,,,,,,,,,,,,,,,,,,,,,,
1949,Kansas-Oklahoma-Missouri League,B00760,Ponikiewski,Theodore,L,,regular,0,Pittsburg,,,,,,,,,,,,,,,,,,,,,,,,,,,,,,,,,,,,,,,,,,,,,,,,,,,,,,,,,,,,,,,,,,,,,,,,,,,,,,,,,,,,,,,,,,,,,,,,,,,,,,,,,,,,,,,,,,,,,,,,,,,,,,,,,,,,,,,,,,,,,,,,,,,,,,,,,
1949,Kansas-Oklahoma-Missouri League,B00771,Reyes,John,,,regular,0,Pittsburg,,,,,,,,,,,,,,,,,,,,,,,,,,,,,,,,,,,,,,,,,,,,,,,,,,,,,,,,,,,,,,,,,,,,,,,,,,,,,,,,,,,,,,,,,,,,,,,,,,,,,,,,,,,,,,,,,,,,,,,,,,,,,,,,,,,,,,,,,,,,,,,,,,,,,,,,,
1949,Kansas-Oklahoma-Missouri League,B00783,Rose,Robert,,,regular,0,Pittsburg,,,,,,,,,,,,,,,,,,,,,,,,,,,,,,,,,,,,,,,,,,,,,,,,,,,,,,,,,,,,,,,,,,,,,,,,,,,,,,,,,,,,,,,,,,,,,,,,,,,,,,,,,,,,,,,,,,,,,,,,,,,,,,,,,,,,,,,,,,,,,,,,,,,,,,,,,
1949,Kansas-Oklahoma-Missouri League,B00794,Sadich,Stanley,,,regular,0,Pittsburg,,,,,,,,,,,,,,,,,,,,,,,,,,,,,,,,,,,,,,,,,,,,,,,,,,,,,,,,,,,,,,,,,,,,,,,,,,,,,,,,,,,,,,,,,,,,,,,,,,,,,,,,,,,,,,,,,,,,,,,,,,,,,,,,,,,,,,,,,,,,,,,,,,,,,,,,,
1949,Kansas-Oklahoma-Missouri League,B00806,Stackpole,Cecil,,,regular,0,Pittsburg,,,,,,,,,,,,,,,,,,,,,,,,,,,,,,,,,,,,,,,,,,,,,,,,,,,,,,,,,,,,,,,,,,,,,,,,,,,,,,,,,,,,,,,,,,,,,,,,,,,,,,,,,,,,,,,,,,,,,,,,,,,,,,,,,,,,,,,,,,,,,,,,,,,,,,,,,
1949,Kansas-Oklahoma-Missouri League,B00811,Wilfong,Harold,L,,regular,0,Pittsburg,,,,,,,,,,,,,,,,,,,,,,,,,,,,,,,,,,,,,,,,,,,,,,,,,,,,,,,,,,,,,,,,,,,,,,,,,,,,,,,,,,,,,,,,,,,,,,,,,,,,,,,,,,,,,,,,,,,,,,,,,,,,,,,,,,,,,,,,,,,,,,,,,,,,,,,,,
1949,Kansas-Oklahoma-Missouri League,B00822,Antonson,Dean,,,regular,0,Ponca City,,,,,,,,,,,,,,,,,,,,,,,,,,,,,,,,,,,,,,,,,,,,,,,,,,,,,,,,,,,,,,,,,,,,,,,,,,,,,,,,,,,,,,,,,,,,,,,,,,,,,,,,,,,,,,,,,,,,,,,,,,,,,,,,,,,,,,,,,,,,,,,,,,,,,,,,,
1949,Kansas-Oklahoma-Missouri League,B00833,Atchley,Burl,,,regular,0,Ponca City,,,,,,,,,,,,,,,,,,,,,,,,,,,,,,,,,,,,,,,,,,,,,,,,,,,,,,,,,,,,,,,,,,,,,,,,,,,,,,,,,,,,,,,,,,,,,,,,,,,,,,,,,,,,,,,,,,,,,,,,,,,,,,,,,,,,,,,,,,,,,,,,,,,,,,,,,
1949,Kansas-Oklahoma-Missouri League,B00840,Beran,Robert,,,regular,0,Ponca City,,,,,,,,,,,,,,,,,,,,,,,,,,,,,,,,,,,,,,,,,,,,,,,,,,,,,,,,,,,,,,,,,,,,,,,,,,,,,,,,,,,,,,,,,,,,,,,,,,,,,,,,,,,,,,,,,,,,,,,,,,,,,,,,,,,,,,,,,,,,,,,,,,,,,,,,,
1949,Kansas-Oklahoma-Missouri League,B00854,Chopkauskas,Daniel,,,regular,0,Ponca City,,,,,,,,,,,,,,,,,,,,,,,,,,,,,,,,,,,,,,,,,,,,,,,,,,,,,,,,,,,,,,,,,,,,,,,,,,,,,,,,,,,,,,,,,,,,,,,,,,,,,,,,,,,,,,,,,,,,,,,,,,,,,,,,,,,,,,,,,,,,,,,,,,,,,,,,,
1949,Kansas-Oklahoma-Missouri League,B00865,Furgal,Norman,,,regular,0,Ponca City,,,,,,,,,,,,,,,,,,,,,,,,,,,,,,,,,,,,,,,,,,,,,,,,,,,,,,,,,,,,,,,,,,,,,,,,,,,,,,,,,,,,,,,,,,,,,,,,,,,,,,,,,,,,,,,,,,,,,,,,,,,,,,,,,,,,,,,,,,,,,,,,,,,,,,,,,
1949,Kansas-Oklahoma-Missouri League,B00879,Grove,Robert,L,,regular,0,Ponca City,,,,,,,,,,,,,,,,,,,,,,,,,,,,,,,,,,,,,,,,,,,,,,,,,,,,,,,,,,,,,,,,,,,,,,,,,,,,,,,,,,,,,,,,,,,,,,,,,,,,,,,,,,,,,,,,,,,,,,,,,,,,,,,,,,,,,,,,,,,,,,,,,,,,,,,,,
1949,Kansas-Oklahoma-Missouri League,B00887,Hames,Richard,,,regular,0,Ponca City,,,,,,,,,,,,,,,,,,,,,,,,,,,,,,,,,,,,,,,,,,,,,,,,,,,,,,,,,,,,,,,,,,,,,,,,,,,,,,,,,,,,,,,,,,,,,,,,,,,,,,,,,,,,,,,,,,,,,,,,,,,,,,,,,,,,,,,,,,,,,,,,,,,,,,,,,
1949,Kansas-Oklahoma-Missouri League,B00898,Kustich,John,,,regular,0,Ponca City,,,,,,,,,,,,,,,,,,,,,,,,,,,,,,,,,,,,,,,,,,,,,,,,,,,,,,,,,,,,,,,,,,,,,,,,,,,,,,,,,,,,,,,,,,,,,,,,,,,,,,,,,,,,,,,,,,,,,,,,,,,,,,,,,,,,,,,,,,,,,,,,,,,,,,,,,
1949,Kansas-Oklahoma-Missouri League,B00904,Long,Vernon,,,regular,0,Ponca City,,,,,,,,,,,,,,,,,,,,,,,,,,,,,,,,,,,,,,,,,,,,,,,,,,,,,,,,,,,,,,,,,,,,,,,,,,,,,,,,,,,,,,,,,,,,,,,,,,,,,,,,,,,,,,,,,,,,,,,,,,,,,,,,,,,,,,,,,,,,,,,,,,,,,,,,,
1949,Kansas-Oklahoma-Missouri League,B00912,Oakes,Paul,,,regular,0,Ponca City,,,,,,,,,,,,,,,,,,,,,,,,,,,,,,,,,,,,,,,,,,,,,,,,,,,,,,,,,,,,,,,,,,,,,,,,,,,,,,,,,,,,,,,,,,,,,,,,,,,,,,,,,,,,,,,,,,,,,,,,,,,,,,,,,,,,,,,,,,,,,,,,,,,,,,,,,
1949,Kansas-Oklahoma-Missouri League,B00920,Pearson,Lawrence,,,regular,0,Ponca City,,,,,,,,,,,,,,,,,,,,,,,,,,,,,,,,,,,,,,,,,,,,,,,,,,,,,,,,,,,,,,,,,,,,,,,,,,,,,,,,,,,,,,,,,,,,,,,,,,,,,,,,,,,,,,,,,,,,,,,,,,,,,,,,,,,,,,,,,,,,,,,,,,,,,,,,,
1949,Kansas-Oklahoma-Missouri League,B00936,Raines,Jesse,,,regular,0,Ponca City,,,,,,,,,,,,,,,,,,,,,,,,,,,,,,,,,,,,,,,,,,,,,,,,,,,,,,,,,,,,,,,,,,,,,,,,,,,,,,,,,,,,,,,,,,,,,,,,,,,,,,,,,,,,,,,,,,,,,,,,,,,,,,,,,,,,,,,,,,,,,,,,,,,,,,,,,
1949,Kansas-Oklahoma-Missouri League,B00948,Tretter,Richard,L,,regular,0,Ponca City,,,,,,,,,,,,,,,,,,,,,,,,,,,,,,,,,,,,,,,,,,,,,,,,,,,,,,,,,,,,,,,,,,,,,,,,,,,,,,,,,,,,,,,,,,,,,,,,,,,,,,,,,,,,,,,,,,,,,,,,,,,,,,,,,,,,,,,,,,,,,,,,,,,,,,,,,
1949,Kansas-Oklahoma-Missouri League,B00957,Williams,David,,,regular,0,Ponca City,,,,,,,,,,,,,,,,,,,,,,,,,,,,,,,,,,,,,,,,,,,,,,,,,,,,,,,,,,,,,,,,,,,,,,,,,,,,,,,,,,,,,,,,,,,,,,,,,,,,,,,,,,,,,,,,,,,,,,,,,,,,,,,,,,,,,,,,,,,,,,,,,,,,,,,,,
1949,Kansas-Oklahoma-Missouri League,P10019,White,Robert,,,regular,0,Miami,,,,,,,,,,,,,,,,,,,,,,,,,7,,1,1,,,3,0,,1.0,29.0,,,25,,38,,28,,18,2,,1,0,,,,,,,,,,,,,,,,,,,,,,,,,,,,,,,,,,,,,,,,,,,,,,,,,,,,,,,,,,,,,,,,,,,,,,,,,,,,,,,,,,,,,,,,,,,,,,,,,,,,,,,,,
1949,Kansas-Oklahoma-Missouri League,P10024,Peacock,Elmer,,,regular,0,Miami,,,,,,,,,,,,,,,,,,,,,,,,,4,,1,0,,,3,0,,1.0,22.0,,,8,,17,,20,,7,0,,0,0,,,,,,,,,,,,,,,,,,,,,,,,,,,,,,,,,,,,,,,,,,,,,,,,,,,,,,,,,,,,,,,,,,,,,,,,,,,,,,,,,,,,,,,,,,,,,,,,,,,,,,,,,
1949,Kansas-Oklahoma-Missouri League,P10035,Meier,Allan,,,regular,0,Carthage,,,,,,,,,,,,,,,,,,,,,,,,,4,,1,0,,,2,0,,1.0,22.0,,,10,,13,,16,,17,1,,0,0,,,,,,,,,,,,,,,,,,,,,,,,,,,,,,,,,,,,,,,,,,,,,,,,,,,,,,,,,,,,,,,,,,,,,,,,,,,,,,,,,,,,,,,,,,,,,,,,,,,,,,,,,
1949,Kansas-Oklahoma-Missouri League,P10043,Moffitt,Burl,,,regular,0,Independence,,,,,,,,,,,,,,,,,,,,,,,,,3,,0,0,,,2,0,,1.0,10.0,,,3,,8,,7,,4,0,,0,0,,,,,,,,,,,,,,,,,,,,,,,,,,,,,,,,,,,,,,,,,,,,,,,,,,,,,,,,,,,,,,,,,,,,,,,,,,,,,,,,,,,,,,,,,,,,,,,,,,,,,,,,,
1949,Kansas-Oklahoma-Missouri League,P10056,Weinheimer,Robert,,,regular,0,Miami,,,,,,,,,,,,,,,,,,,,,,,,,1,,0,0,,,1,0,,1.0,4.0,,,3,,1,,3,,1,1,,0,0,,,,,,,,,,,,,,,,,,,,,,,,,,,,,,,,,,,,,,,,,,,,,,,,,,,,,,,,,,,,,,,,,,,,,,,,,,,,,,,,,,,,,,,,,,,,,,,,,,,,,,,,,
1949,Kansas-Oklahoma-Missouri League,P10062,Tond,Louis,,,regular,0,Bartlesville,,,,,,,,,,,,,,,,,,,,,,,,,5,,4,0,,,3,1,,0.75,35.0,,,14,,38,,8,,17,0,,3,0,,,,,,,,,,,,,,,,,,,,,,,,,,,,,,,,,,,,,,,,,,,,,,,,,,,,,,,,,,,,,,,,,,,,,,,,,,,,,,,,,,,,,,,,,,,,,,,,,,,,,,,,,
1949,Kansas-Oklahoma-Missouri League,P10070,Brown,David,,,regular,0,Miami,,,,,,,,,,,,,,,,,,,,,,,,,6,,3,0,,,2,1,,0.667,38.0,,,24,,35,,28,,26,2,,3,0,,,,,,,,,,,,,,,,,,,,,,,,,,,,,,,,,,,,,,,,,,,,,,,,,,,,,,,,,,,,,,,,,,,,,,,,,,,,,,,,,,,,,,,,,,,,,,,,,,,,,,,,,
1949,Kansas-Oklahoma-Missouri League,P10081,McCalman,John,,,regular,0,Carthage,,,,,,,,,,,,,,,,,,,,,,,,,6,,0,0,,,2,1,,0.667,20.0,,,21,,28,,21,,10,3,,0,0,,,,,,,,,,,,,,,,,,,,,,,,,,,,,,,,,,,,,,,,,,,,,,,,,,,,,,,,,,,,,,,,,,,,,,,,,,,,,,,,,,,,,,,,,,,,,,,,,,,,,,,,,
1949,Kansas-Oklahoma-Missouri League,P10097,Getter,Richard,,,regular,0,Iola,,,,,,,,,,,,,,,,,,,,,,,,,3,,2,0,,,2,1,,0.667,19.0,,,12,,15,,23,,15,1,,1,0,,,,,,,,,,,,,,,,,,,,,,,,,,,,,,,,,,,,,,,,,,,,,,,,,,,,,,,,,,,,,,,,,,,,,,,,,,,,,,,,,,,,,,,,,,,,,,,,,,,,,,,,,
1949,Kansas-Oklahoma-Missouri League,P10100,Marcil,Leo,,,regular,0,Chanute,,,,,,,,,,,,,,,,,,,,,,,,,7,,2,0,,,2,2,,0.5,33.0,,,27,,34,,23,,10,3,,1,1,,,,,,,,,,,,,,,,,,,,,,,,,,,,,,,,,,,,,,,,,,,,,,,,,,,,,,,,,,,,,,,,,,,,,,,,,,,,,,,,,,,,,,,,,,,,,,,,,,,,,,,,,
1949,Kansas-Oklahoma-Missouri League,P10113,Joyce,Arnold,,,regular,0,Independence,,,,,,,,,,,,,,,,,,,,,,,,,9,,0,0,,,2,2,,0.5,27.0,,,13,,21,,15,,26,0,,2,0,,,,,,,,,,,,,,,,,,,,,,,,,,,,,,,,,,,,,,,,,,,,,,,,,,,,,,,,,,,,,,,,,,,,,,,,,,,,,,,,,,,,,,,,,,,,,,,,,,,,,,,,,
1949,Kansas-Oklahoma-Missouri League,P10121,Hames,Richard,,,regular,0,Ponca City,,,,,,,,,,,,,,,,,,,,,,,,,6,,1,0,,,2,2,,0.5,23.0,,,18,,24,,21,,18,3,,1,0,,,,,,,,,,,,,,,,,,,,,,,,,,,,,,,,,,,,,,,,,,,,,,,,,,,,,,,,,,,,,,,,,,,,,,,,,,,,,,,,,,,,,,,,,,,,,,,,,,,,,,,,,
1949,Kansas-Oklahoma-Missouri League,P10137,Antonson,Dean,,,regular,0,Ponca City,,,,,,,,,,,,,,,,,,,,,,,,,4,,0,0,,,1,1,,0.5,17.0,,,11,,15,,17,,14,1,,1,0,,,,,,,,,,,,,,,,,,,,,,,,,,,,,,,,,,,,,,,,,,,,,,,,,,,,,,,,,,,,,,,,,,,,,,,,,,,,,,,,,,,,,,,,,,,,,,,,,,,,,,,,,
1949,Kansas-Oklahoma-Missouri League,P10145,Brown,A. Marvin,,L,regular,0,Miami,,,,,,,,,,,,,,,,,,,,,,,,,5,,4,0,,,2,3,,0.4,36.0,,,28,,31,,33,,25,0,,1,0,,,,,,,,,,,,,,,,,,,,,,,,,,,,,,,,,,,,,,,,,,,,,,,,,,,,,,,,,,,,,,,,,,,,,,,,,,,,,,,,,,,,,,,,,,,,,,,,,,,,,,,,,
1949,Kansas-Oklahoma-Missouri League,P10159,Garrett,Emerson,,,regular,0,Miami,,,,,,,,,,,,,,,,,,,,,,,,,6,,2,0,,,2,3,,0.4,28.0,,,32,,35,,15,,9,0,,1,0,,,,,,,,,,,,,,,,,,,,,,,,,,,,,,,,,,,,,,,,,,,,,,,,,,,,,,,,,,,,,,,,,,,,,,,,,,,,,,,,,,,,,,,,,,,,,,,,,,,,,,,,,
1949,Kansas-Oklahoma-Missouri League,P10168,Williams,David,,,regular,0,Ponca City,,,,,,,,,,,,,,,,,,,,,,,,,8,,1,0,,,1,2,,0.333,36.0,,,25,,40,,27,,13,0,,2,1,,,,,,,,,,,,,,,,,,,,,,,,,,,,,,,,,,,,,,,,,,,,,,,,,,,,,,,,,,,,,,,,,,,,,,,,,,,,,,,,,,,,,,,,,,,,,,,,,,,,,,,,,
1949,Kansas-Oklahoma-Missouri League,P10176,Hirlback,Carl,,L,regular,0,Miami,,,,,,,,,,,,,,,,,,,,,,,,,6,,2,0,,,1,2,,0.333,25.0,,,27,,25,,32,,19,2,,2,0,,,,,,,,,,,,,,,,,,,,,,,,,,,,,,,,,,,,,,,,,,,,,,,,,,,,,,,,,,,,,,,,,,,,,,,,,,,,,,,,,,,,,,,,,,,,,,,,,,,,,,,,,
1949,Kansas-Oklahoma-Missouri League,P10184,Contreras,Domingo,,,regular,0,Carthage,,,,,,,,,,,,,,,,,,,,,,,,,6,,0,0,,,1,2,,0.333,21.0,,,19,,19,,24,,15,2,,3,1,,,,,,,,,,,,,,,,,,,,,,,,,,,,,,,,,,,,,,,,,,,,,,,,,,,,,,,,,,,,,,,,,,,,,,,,,,,,,,,,,,,,,,,,,,,,,,,,,,,,,,,,,
1949,Kansas-Oklahoma-Missouri League,P10192,Beran,Robert,,,regular,0,Ponca City,,,,,,,,,,,,,,,,,,,,,,,,,4,,1,0,,,1,2,,0.333,18.0,,,24,,28,,20,,8,1,,2,0,,,,,,,,,,,,,,,,,,,,,,,,,,,,,,,,,,,,,,,,,,,,,,,,,,,,,,,,,,,,,,,,,,,,,,,,,,,,,,,,,,,,,,,,,,,,,,,,,,,,,,,,,
1949,Kansas-Oklahoma-Missouri League,P10202,Imbeau,James,,,regular,0,Chanute,,,,,,,,,,,,,,,,,,,,,,,,,5,,0,0,,,1,2,,0.333,14.0,,,22,,24,,16,,5,1,,2,0,,,,,,,,,,,,,,,,,,,,,,,,,,,,,,,,,,,,,,,,,,,,,,,,,,,,,,,,,,,,,,,,,,,,,,,,,,,,,,,,,,,,,,,,,,,,,,,,,,,,,,,,,
1949,Kansas-Oklahoma-Missouri League,P10215,Closs,Charles,,,regular,0,Bartlesville,,,,,,,,,,,,,,,,,,,,,,,,,10,,0,0,,,1,2,,0.333,14.0,,,17,,16,,23,,15,1,,3,0,,,,,,,,,,,,,,,,,,,,,,,,,,,,,,,,,,,,,,,,,,,,,,,,,,,,,,,,,,,,,,,,,,,,,,,,,,,,,,,,,,,,,,,,,,,,,,,,,,,,,,,,,
1949,Kansas-Oklahoma-Missouri League,P10228,Rothrock,Dean,,L,regular,0,Iola,,,,,,,,,,,,,,,,,,,,,,,,,10,,2,0,,,2,6,,0.25,41.0,,,33,,41,,33,,42,2,,2,0,,,,,,,,,,,,,,,,,,,,,,,,,,,,,,,,,,,,,,,,,,,,,,,,,,,,,,,,,,,,,,,,,,,,,,,,,,,,,,,,,,,,,,,,,,,,,,,,,,,,,,,,,
1949,Kansas-Oklahoma-Missouri League,P10231,Ketchum,Albert,,,regular,0,Chanute,,,,,,,,,,,,,,,,,,,,,,,,,8,,1,0,,,1,3,,0.25,31.0,,,32,,27,,37,,22,3,,2,0,,,,,,,,,,,,,,,,,,,,,,,,,,,,,,,,,,,,,,,,,,,,,,,,,,,,,,,,,,,,,,,,,,,,,,,,,,,,,,,,,,,,,,,,,,,,,,,,,,,,,,,,,
1949,Kansas-Oklahoma-Missouri League,P10244,Oakes,Paul,,,regular,0,Ponca City,,,,,,,,,,,,,,,,,,,,,,,,,6,,1,0,,,1,4,,0.2,42.0,,,18,,30,,15,,10,0,,0,0,,,,,,,,,,,,,,,,,,,,,,,,,,,,,,,,,,,,,,,,,,,,,,,,,,,,,,,,,,,,,,,,,,,,,,,,,,,,,,,,,,,,,,,,,,,,,,,,,,,,,,,,,
1949,Kansas-Oklahoma-Missouri League,P10253,Stanek,Joseph,,,regular,0,Ponca City,,,,,,,,,,,,,,,,,,,,,,,,,13,,1,0,,,1,4,,0.2,40.0,,,38,,43,,41,,28,3,,6,0,,,,,,,,,,,,,,,,,,,,,,,,,,,,,,,,,,,,,,,,,,,,,,,,,,,,,,,,,,,,,,,,,,,,,,,,,,,,,,,,,,,,,,,,,,,,,,,,,,,,,,,,,
1949,Kansas-Oklahoma-Missouri League,P10266,Boston,Elmer,,,regular,0,Chanute,,,,,,,,,,,,,,,,,,,,,,,,,10,,2,0,,,1,5,,0.167,40.0,,,31,,51,,18,,29,2,,1,1,,,,,,,,,,,,,,,,,,,,,,,,,,,,,,,,,,,,,,,,,,,,,,,,,,,,,,,,,,,,,,,,,,,,,,,,,,,,,,,,,,,,,,,,,,,,,,,,,,,,,,,,,
1949,Kansas-Oklahoma-Missouri League,P10277,Boeschen,Vernon,,,regular,0,Pittsburg,,,,,,,,,,,,,,,,,,,,,,,,,9,,1,0,,,1,5,,0.167,40.0,,,45,,63,,38,,29,3,,8,0,,,,,,,,,,,,,,,,,,,,,,,,,,,,,,,,,,,,,,,,,,,,,,,,,,,,,,,,,,,,,,,,,,,,,,,,,,,,,,,,,,,,,,,,,,,,,,,,,,,,,,,,,
1949,Kansas-Oklahoma-Missouri League,P10289,Furgal,Norman,,,regular,0,Ponca City,,,,,,,,,,,,,,,,,,,,,,,,,5,,0,0,,,0,3,,0.0,32.0,,,16,,26,,17,,13,2,,0,0,,,,,,,,,,,,,,,,,,,,,,,,,,,,,,,,,,,,,,,,,,,,,,,,,,,,,,,,,,,,,,,,,,,,,,,,,,,,,,,,,,,,,,,,,,,,,,,,,,,,,,,,,
1949,Kansas-Oklahoma-Missouri League,P10290,Lyles,Joseph,,L,regular,0,Pittsburg,,,,,,,,,,,,,,,,,,,,,,,,,6,,0,0,,,0,3,,0.0,23.0,,,33,,42,,29,,11,0,,3,0,,,,,,,,,,,,,,,,,,,,,,,,,,,,,,,,,,,,,,,,,,,,,,,,,,,,,,,,,,,,,,,,,,,,,,,,,,,,,,,,,,,,,,,,,,,,,,,,,,,,,,,,,
1949,Kansas-Oklahoma-Missouri League,P10304,Hoffmeister,Paul,,,regular,0,Carthage,,,,,,,,,,,,,,,,,,,,,,,,,4,,0,0,,,0,3,,0.0,17.0,,,22,,13,,22,,10,1,,5,0,,,,,,,,,,,,,,,,,,,,,,,,,,,,,,,,,,,,,,,,,,,,,,,,,,,,,,,,,,,,,,,,,,,,,,,,,,,,,,,,,,,,,,,,,,,,,,,,,,,,,,,,,
1949,Kansas-Oklahoma-Missouri League,P10312,Wehunt,Rex,,L,regular,0,Independence,,,,,,,,,,,,,,,,,,,,,,,,,6,,0,0,,,0,2,,0.0,23.0,,,23,,34,,11,,12,3,,1,1,,,,,,,,,,,,,,,,,,,,,,,,,,,,,,,,,,,,,,,,,,,,,,,,,,,,,,,,,,,,,,,,,,,,,,,,,,,,,,,,,,,,,,,,,,,,,,,,,,,,,,,,,
1949,Kansas-Oklahoma-Missouri League,P10320,Scheele,Donald,,,regular,0,Miami,,,,,,,,,,,,,,,,,,,,,,,,,7,,1,0,,,0,2,,0.0,20.0,,,14,,29,,21,,16,1,,1,0,,,,,,,,,,,,,,,,,,,,,,,,,,,,,,,,,,,,,,,,,,,,,,,,,,,,,,,,,,,,,,,,,,,,,,,,,,,,,,,,,,,,,,,,,,,,,,,,,,,,,,,,,
1949,Kansas-Oklahoma-Missouri League,P10336,Craig,William,,,regular,0,Bartlesville,,,,,,,,,,,,,,,,,,,,,,,,,4,,1,0,,,0,2,,0.0,20.0,,,26,,22,,9,,13,1,,3,0,,,,,,,,,,,,,,,,,,,,,,,,,,,,,,,,,,,,,,,,,,,,,,,,,,,,,,,,,,,,,,,,,,,,,,,,,,,,,,,,,,,,,,,,,,,,,,,,,,,,,,,,,
1949,Kansas-Oklahoma-Missouri League,P10348,Buckner,Raynold,,L,regular,0,Miami,,,,,,,,,,,,,,,,,,,,,,,,,7,,0,0,,,0,2,,0.0,17.0,,,13,,27,,20,,11,1,,3,0,,,,,,,,,,,,,,,,,,,,,,,,,,,,,,,,,,,,,,,,,,,,,,,,,,,,,,,,,,,,,,,,,,,,,,,,,,,,,,,,,,,,,,,,,,,,,,,,,,,,,,,,,
1949,Kansas-Oklahoma-Missouri League,P10357,Nacchio,John,,,regular,0,Pittsburg,,,,,,,,,,,,,,,,,,,,,,,,,4,,0,0,,,0,2,,0.0,15.0,,,20,,31,,17,,5,1,,1,0,,,,,,,,,,,,,,,,,,,,,,,,,,,,,,,,,,,,,,,,,,,,,,,,,,,,,,,,,,,,,,,,,,,,,,,,,,,,,,,,,,,,,,,,,,,,,,,,,,,,,,,,,
1949,Kansas-Oklahoma-Missouri League,P10361,Kirschner,Gordyn,,,regular,0,Carthage,,,,,,,,,,,,,,,,,,,,,,,,,3,,0,0,,,0,2,,0.0,6.0,,,18,,13,,16,,7,0,,1,0,,,,,,,,,,,,,,,,,,,,,,,,,,,,,,,,,,,,,,,,,,,,,,,,,,,,,,,,,,,,,,,,,,,,,,,,,,,,,,,,,,,,,,,,,,,,,,,,,,,,,,,,,
1949,Kansas-Oklahoma-Missouri League,P10373,Callahan,George,,,regular,0,Chanute,,,,,,,,,,,,,,,,,,,,,,,,,2,,0,0,,,0,2,,0.0,5.0,,,11,,9,,9,,4,0,,1,0,,,,,,,,,,,,,,,,,,,,,,,,,,,,,,,,,,,,,,,,,,,,,,,,,,,,,,,,,,,,,,,,,,,,,,,,,,,,,,,,,,,,,,,,,,,,,,,,,,,,,,,,,
1949,Kansas-Oklahoma-Missouri League,P10385,Lane,Omar,,,regular,0,Miami,,,,,,,,,,,,,,,,,,,,,,,,,11,,0,0,,,0,1,,0.0,35.0,,,40,,57,,18,,6,3,,2,2,,,,,,,,,,,,,,,,,,,,,,,,,,,,,,,,,,,,,,,,,,,,,,,,,,,,,,,,,,,,,,,,,,,,,,,,,,,,,,,,,,,,,,,,,,,,,,,,,,,,,,,,,
1949,Kansas-Oklahoma-Missouri League,P10399,Garner,Fred,,,regular,0,Bartlesville,,,,,,,,,,,,,,,,,,,,,,,,,5,,0,0,,,0,1,,0.0,21.0,,,21,,30,,10,,6,2,,0,0,,,,,,,,,,,,,,,,,,,,,,,,,,,,,,,,,,,,,,,,,,,,,,,,,,,,,,,,,,,,,,,,,,,,,,,,,,,,,,,,,,,,,,,,,,,,,,,,,,,,,,,,,
1949,Kansas-Oklahoma-Missouri League,P10407,Thomas,Harrison,,L,regular,0,Carthage,,,,,,,,,,,,,,,,,,,,,,,,,4,,0,0,,,0,1,,0.0,18.0,,,15,,10,,29,,9,1,,2,0,,,,,,,,,,,,,,,,,,,,,,,,,,,,,,,,,,,,,,,,,,,,,,,,,,,,,,,,,,,,,,,,,,,,,,,,,,,,,,,,,,,,,,,,,,,,,,,,,,,,,,,,,
1949,Kansas-Oklahoma-Missouri League,P10410,Peake,Ralph,,L,regular,0,Bartlesville,,,,,,,,,,,,,,,,,,,,,,,,,7,,0,0,,,0,1,,0.0,16.0,,,20,,13,,21,,7,2,,3,0,,,,,,,,,,,,,,,,,,,,,,,,,,,,,,,,,,,,,,,,,,,,,,,,,,,,,,,,,,,,,,,,,,,,,,,,,,,,,,,,,,,,,,,,,,,,,,,,,,,,,,,,,
1949,Kansas-Oklahoma-Missouri League,P10429,Montgomery,Robert,,,regular,0,Miami,,,,,,,,,,,,,,,,,,,,,,,,,2,,1,0,,,0,1,,0.0,13.0,,,8,,9,,6,,5,0,,0,0,,,,,,,,,,,,,,,,,,,,,,,,,,,,,,,,,,,,,,,,,,,,,,,,,,,,,,,,,,,,,,,,,,,,,,,,,,,,,,,,,,,,,,,,,,,,,,,,,,,,,,,,,
1949,Kansas-Oklahoma-Missouri League,P10432,Newkirk,Dave,,,regular,0,Chanute,,,,,,,,,,,,,,,,,,,,,,,,,3,,0,0,,,0,1,,0.0,12.0,,,16,,14,,24,,9,2,,2,0,,,,,,,,,,,,,,,,,,,,,,,,,,,,,,,,,,,,,,,,,,,,,,,,,,,,,,,,,,,,,,,,,,,,,,,,,,,,,,,,,,,,,,,,,,,,,,,,,,,,,,,,,
1949,Kansas-Oklahoma-Missouri League,P10441,Irland,Donald,,,regular,0,Pittsburg,,,,,,,,,,,,,,,,,,,,,,,,,5,,0,0,,,0,1,,0.0,11.0,,,14,,22,,5,,6,0,,0,1,,,,,,,,,,,,,,,,,,,,,,,,,,,,,,,,,,,,,,,,,,,,,,,,,,,,,,,,,,,,,,,,,,,,,,,,,,,,,,,,,,,,,,,,,,,,,,,,,,,,,,,,,
1949,Kansas-Oklahoma-Missouri League,P10455,Tretter,Richard,,L,regular,0,Ponca City,,,,,,,,,,,,,,,,,,,,,,,,,3,,0,0,,,0,1,,0.0,9.0,,,9,,14,,8,,6,2,,0,0,,,,,,,,,,,,,,,,,,,,,,,,,,,,,,,,,,,,,,,,,,,,,,,,,,,,,,,,,,,,,,,,,,,,,,,,,,,,,,,,,,,,,,,,,,,,,,,,,,,,,,,,,
1949,Kansas-Oklahoma-Missouri League,P10464,Mehan,James,,,regular,0,Bartlesville,,,,,,,,,,,,,,,,,,,,,,,,,4,,0,0,,,0,1,,0.0,9.0,,,10,,8,,10,,9,0,,2,0,,,,,,,,,,,,,,,,,,,,,,,,,,,,,,,,,,,,,,,,,,,,,,,,,,,,,,,,,,,,,,,,,,,,,,,,,,,,,,,,,,,,,,,,,,,,,,,,,,,,,,,,,
1949,Kansas-Oklahoma-Missouri League,P10478,Stavac,Robert,,,regular,0,Iola,,,,,,,,,,,,,,,,,,,,,,,,,3,,0,0,,,0,1,,0.0,8.0,,,13,,10,,11,,4,0,,0,0,,,,,,,,,,,,,,,,,,,,,,,,,,,,,,,,,,,,,,,,,,,,,,,,,,,,,,,,,,,,,,,,,,,,,,,,,,,,,,,,,,,,,,,,,,,,,,,,,,,,,,,,,
1949,Kansas-Oklahoma-Missouri League,P10486,Brennan,Edward,,L,regular,0,Miami,,,,,,,,,,,,,,,,,,,,,,,,,2,,0,0,,,0,1,,0.0,7.0,,,5,,10,,3,,8,0,,0,0,,,,,,,,,,,,,,,,,,,,,,,,,,,,,,,,,,,,,,,,,,,,,,,,,,,,,,,,,,,,,,,,,,,,,,,,,,,,,,,,,,,,,,,,,,,,,,,,,,,,,,,,,
1949,Kansas-Oklahoma-Missouri League,P10493,Pearson,Lawrence,,L,regular,0,Ponca City,,,,,,,,,,,,,,,,,,,,,,,,,1,,0,0,,,0,1,,0.0,5.0,,,8,,7,,9,,4,0,,0,0,,,,,,,,,,,,,,,,,,,,,,,,,,,,,,,,,,,,,,,,,,,,,,,,,,,,,,,,,,,,,,,,,,,,,,,,,,,,,,,,,,,,,,,,,,,,,,,,,,,,,,,,,
1949,Kansas-Oklahoma-Missouri League,P10503,Green,Fred,,,regular,0,Miami,,,,,,,,,,,,,,,,,,,,,,,,,2,,0,0,,,0,1,,0.0,4.0,,,6,,6,,4,,2,1,,0,1,,,,,,,,,,,,,,,,,,,,,,,,,,,,,,,,,,,,,,,,,,,,,,,,,,,,,,,,,,,,,,,,,,,,,,,,,,,,,,,,,,,,,,,,,,,,,,,,,,,,,,,,,
1949,Kansas-Oklahoma-Missouri League,P10516,Boyd,Kenneth,,L,regular,0,Bartlesville,,,,,,,,,,,,,,,,,,,,,,,,,2,,0,0,,,0,1,,0.0,3.0,,,6,,4,,2,,1,0,,0,0,,,,,,,,,,,,,,,,,,,,,,,,,,,,,,,,,,,,,,,,,,,,,,,,,,,,,,,,,,,,,,,,,,,,,,,,,,,,,,,,,,,,,,,,,,,,,,,,,,,,,,,,,
1949,Kansas-Oklahoma-Missouri League,P10527,Grove,Donald,,L,regular,0,Bartlesville,,,,,,,,,,,,,,,,,,,,,,,,,3,,0,0,,,0,1,,0.0,3.0,,,4,,1,,9,,3,0,,0,0,,,,,,,,,,,,,,,,,,,,,,,,,,,,,,,,,,,,,,,,,,,,,,,,,,,,,,,,,,,,,,,,,,,,,,,,,,,,,,,,,,,,,,,,,,,,,,,,,,,,,,,,,
1949,Kansas-Oklahoma-Missouri League,P10534,Roach,Raymond,,,regular,0,Miami,,,,,,,,,,,,,,,,,,,,,,,,,2,,0,0,,,0,1,,0.0,3.0,,,10,,5,,6,,0,1,,2,0,,,,,,,,,,,,,,,,,,,,,,,,,,,,,,,,,,,,,,,,,,,,,,,,,,,,,,,,,,,,,,,,,,,,,,,,,,,,,,,,,,,,,,,,,,,,,,,,,,,,,,,,,
1949,Kansas-Oklahoma-Missouri League,P10542,Costa,Philip,,L,regular,0,Carthage,,,,,,,,,,,,,,,,,,,,,,,,,4,,0,0,,,0,0,,0.0,18.0,,,,,,,,,,,,,,,,,,,,,,,,,,,,,,,,,,,,,,,,,,,,,,,,,,,,,,,,,,,,,,,,,,,,,,,,,,,,,,,,,,,,,,,,,,,,,,,,,,,,,,,,,,,,,,,,,,,,,,
1949,Kansas-Oklahoma-Missouri League,P10550,Martinez,Richard,,L,regular,1,Independence,,,,,,,,,,,,,,,,,,,,,,,,,2,,,,,,,,,,,,,,,,,,,,,,,,,,,,,,,,,,,,,,,,,,,,,,,,,,,,,,,,,,,,,,,,,,,,,,,,,,,,,,,,,,,,,,,,,,,,,,,,,,,,,,,,,,,,,,,,,,,,,,,,,,,,,,,,
1949,Kansas-Oklahoma-Missouri League,P10550,Martinez,Richard,,L,regular,2,Miami,,,,,,,,,,,,,,,,,,,,,,,,,1,,,,,,,,,,,,,,,,,,,,,,,,,,,,,,,,,,,,,,,,,,,,,,,,,,,,,,,,,,,,,,,,,,,,,,,,,,,,,,,,,,,,,,,,,,,,,,,,,,,,,,,,,,,,,,,,,,,,,,,,,,,,,,,,
1949,Kansas-Oklahoma-Missouri League,P10550,Martinez,Richard,,L,regular,T,,,,,,,,,,,,,,,,,,,,,,,,,,3,,0,0,,,0,0,,0.0,10.0,,,,,,,,,,,,,,,,,,,,,,,,,,,,,,,,,,,,,,,,,,,,,,,,,,,,,,,,,,,,,,,,,,,,,,,,,,,,,,,,,,,,,,,,,,,,,,,,,,,,,,,,,,,,,,,,,,,,,,
1949,Kansas-Oklahoma-Missouri League,P10569,Urban,Francis,,,regular,0,Chanute,,,,,,,,,,,,,,,,,,,,,,,,,2,,0,0,,,0,0,,0.0,9.0,,,,,,,,,,,,,,,,,,,,,,,,,,,,,,,,,,,,,,,,,,,,,,,,,,,,,,,,,,,,,,,,,,,,,,,,,,,,,,,,,,,,,,,,,,,,,,,,,,,,,,,,,,,,,,,,,,,,,,
1949,Kansas-Oklahoma-Missouri League,P10575,Wilfong,Harold,,L,regular,0,Pittsburg,,,,,,,,,,,,,,,,,,,,,,,,,7,,0,0,,,0,0,,0.0,9.0,,,,,,,,,,,,,,,,,,,,,,,,,,,,,,,,,,,,,,,,,,,,,,,,,,,,,,,,,,,,,,,,,,,,,,,,,,,,,,,,,,,,,,,,,,,,,,,,,,,,,,,,,,,,,,,,,,,,,,
1949,Kansas-Oklahoma-Missouri League,P10588,Cobb,James,,,regular,0,Independence,,,,,,,,,,,,,,,,,,,,,,,,,4,,0,0,,,0,0,,0.0,7.0,,,,,,,,,,,,,,,,,,,,,,,,,,,,,,,,,,,,,,,,,,,,,,,,,,,,,,,,,,,,,,,,,,,,,,,,,,,,,,,,,,,,,,,,,,,,,,,,,,,,,,,,,,,,,,,,,,,,,,
1949,Kansas-Oklahoma-Missouri League,P10591,Smith,Jean,,,regular,0,Chanute,,,,,,,,,,,,,,,,,,,,,,,,,2,,0,0,,,0,0,,0.0,7.0,,,,,,,,,,,,,,,,,,,,,,,,,,,,,,,,,,,,,,,,,,,,,,,,,,,,,,,,,,,,,,,,,,,,,,,,,,,,,,,,,,,,,,,,,,,,,,,,,,,,,,,,,,,,,,,,,,,,,,
1949,Kansas-Oklahoma-Missouri League,P10606,Ehlers,O. Dean,,,regular,0,Ponca City,,,,,,,,,,,,,,,,,,,,,,,,,1,,0,0,,,0,0,,0.0,6.0,,,,,,,,,,,,,,,,,,,,,,,,,,,,,,,,,,,,,,,,,,,,,,,,,,,,,,,,,,,,,,,,,,,,,,,,,,,,,,,,,,,,,,,,,,,,,,,,,,,,,,,,,,,,,,,,,,,,,,
1949,Kansas-Oklahoma-Missouri League,P10611,Belrose,Edsel,,,regular,0,Miami,,,,,,,,,,,,,,,,,,,,,,,,,3,,0,0,,,0,0,,0.0,6.0,,,,,,,,,,,,,,,,,,,,,,,,,,,,,,,,,,,,,,,,,,,,,,,,,,,,,,,,,,,,,,,,,,,,,,,,,,,,,,,,,,,,,,,,,,,,,,,,,,,,,,,,,,,,,,,,,,,,,,
1949,Kansas-Oklahoma-Missouri League,P10622,Alsop,Charles,,,regular,0,Carthage,,,,,,,,,,,,,,,,,,,,,,,,,2,,0,0,,,0,0,,0.0,4.0,,,,,,,,,,,,,,,,,,,,,,,,,,,,,,,,,,,,,,,,,,,,,,,,,,,,,,,,,,,,,,,,,,,,,,,,,,,,,,,,,,,,,,,,,,,,,,,,,,,,,,,,,,,,,,,,,,,,,,
1949,Kansas-Oklahoma-Missouri League,P10633,Carle,Robert,,,regular,0,Pittsburg,,,,,,,,,,,,,,,,,,,,,,,,,1,,0,0,,,0,0,,0.0,4.0,,,,,,,,,,,,,,,,,,,,,,,,,,,,,,,,,,,,,,,,,,,,,,,,,,,,,,,,,,,,,,,,,,,,,,,,,,,,,,,,,,,,,,,,,,,,,,,,,,,,,,,,,,,,,,,,,,,,,,
1949,Kansas-Oklahoma-Missouri League,P10640,Lang,Vernon,,,regular,0,Ponca City,,,,,,,,,,,,,,,,,,,,,,,,,2,,0,0,,,0,0,,0.0,4.0,,,,,,,,,,,,,,,,,,,,,,,,,,,,,,,,,,,,,,,,,,,,,,,,,,,,,,,,,,,,,,,,,,,,,,,,,,,,,,,,,,,,,,,,,,,,,,,,,,,,,,,,,,,,,,,,,,,,,,
1949,Kansas-Oklahoma-Missouri League,P10654,Smith,Thomas F.,,,regular,0,Miami,,,,,,,,,,,,,,,,,,,,,,,,,2,,0,0,,,0,0,,0.0,3.0,,,,,,,,,,,,,,,,,,,,,,,,,,,,,,,,,,,,,,,,,,,,,,,,,,,,,,,,,,,,,,,,,,,,,,,,,,,,,,,,,,,,,,,,,,,,,,,,,,,,,,,,,,,,,,,,,,,,,,
1949,Kansas-Oklahoma-Missouri League,P10665,Catalano,Salvatore,,,regular,0,Bartlesville,,,,,,,,,,,,,,,,,,,,,,,,,1,,0,0,,,0,0,,0.0,3.0,,,,,,,,,,,,,,,,,,,,,,,,,,,,,,,,,,,,,,,,,,,,,,,,,,,,,,,,,,,,,,,,,,,,,,,,,,,,,,,,,,,,,,,,,,,,,,,,,,,,,,,,,,,,,,,,,,,,,,
1949,Kansas-Oklahoma-Missouri League,P10679,Zawatzki,John,,,regular,0,Chanute,,,,,,,,,,,,,,,,,,,,,,,,,1,,0,0,,,0,0,,0.0,3.0,,,,,,,,,,,,,,,,,,,,,,,,,,,,,,,,,,,,,,,,,,,,,,,,,,,,,,,,,,,,,,,,,,,,,,,,,,,,,,,,,,,,,,,,,,,,,,,,,,,,,,,,,,,,,,,,,,,,,,
1949,Kansas-Oklahoma-Missouri League,P10687,Claussen,Darrell,,,regular,0,Miami,,,,,,,,,,,,,,,,,,,,,,,,,2,,0,0,,,0,0,,0.0,2.0,,,,,,,,,,,,,,,,,,,,,,,,,,,,,,,,,,,,,,,,,,,,,,,,,,,,,,,,,,,,,,,,,,,,,,,,,,,,,,,,,,,,,,,,,,,,,,,,,,,,,,,,,,,,,,,,,,,,,,
1949,Kansas-Oklahoma-Missouri League,P10698,Bellotte,Anthony,,,regular,0,Pittsburg,,,,,,,,,,,,,,,,,,,,,,,,,1,,0,0,,,0,0,,0.0,2.0,,,,,,,,,,,,,,,,,,,,,,,,,,,,,,,,,,,,,,,,,,,,,,,,,,,,,,,,,,,,,,,,,,,,,,,,,,,,,,,,,,,,,,,,,,,,,,,,,,,,,,,,,,,,,,,,,,,,,,
1949,Kansas-Oklahoma-Missouri League,P10709,Schmitt,Donald,,,regular,0,Carthage,,,,,,,,,,,,,,,,,,,,,,,,,1,,0,0,,,0,0,,0.0,2.0,,,,,,,,,,,,,,,,,,,,,,,,,,,,,,,,,,,,,,,,,,,,,,,,,,,,,,,,,,,,,,,,,,,,,,,,,,,,,,,,,,,,,,,,,,,,,,,,,,,,,,,,,,,,,,,,,,,,,,
1949,Kansas-Oklahoma-Missouri League,P10714,Rose,Robert,,,regular,0,Pittsburg,,,,,,,,,,,,,,,,,,,,,,,,,1,,0,0,,,0,0,,0.0,1.1,,,,,,,,,,,,,,,,,,,,,,,,,,,,,,,,,,,,,,,,,,,,,,,,,,,,,,,,,,,,,,,,,,,,,,,,,,,,,,,,,,,,,,,,,,,,,,,,,,,,,,,,,,,,,,,,,,,,,,
1949,Kansas-Oklahoma-Missouri League,P10723,Bates,Charles,,,regular,0,Chanute,,,,,,,,,,,,,,,,,,,,,,,,,1,,0,0,,,0,0,,0.0,1.0,,,,,,,,,,,,,,,,,,,,,,,,,,,,,,,,,,,,,,,,,,,,,,,,,,,,,,,,,,,,,,,,,,,,,,,,,,,,,,,,,,,,,,,,,,,,,,,,,,,,,,,,,,,,,,,,,,,,,,
1949,Kansas-Oklahoma-Missouri League,P10738,Raines,Jesse,,,regular,0,Ponca City,,,,,,,,,,,,,,,,,,,,,,,,,1,,0,0,,,0,0,,0.0,1.0,,,,,,,,,,,,,,,,,,,,,,,,,,,,,,,,,,,,,,,,,,,,,,,,,,,,,,,,,,,,,,,,,,,,,,,,,,,,,,,,,,,,,,,,,,,,,,,,,,,,,,,,,,,,,,,,,,,,,,
1949,Kansas-Oklahoma-Missouri League,P10746,Melvin,Duane,,,regular,0,Miami,,,,,,,,,,,,,,,,,,,,,,,,,1,,0,0,,,0,0,,0.0,0.2,,,,,,,,,,,,,,,,,,,,,,,,,,,,,,,,,,,,,,,,,,,,,,,,,,,,,,,,,,,,,,,,,,,,,,,,,,,,,,,,,,,,,,,,,,,,,,,,,,,,,,,,,,,,,,,,,,,,,,
1949,Kansas-Oklahoma-Missouri League,P10751,Wonka,Frank,,,regular,0,Miami,,,,,,,,,,,,,,,,,,,,,,,,,1,,0,0,,,0,0,,0.0,0.1,,,,,,,,,,,,,,,,,,,,,,,,,,,,,,,,,,,,,,,,,,,,,,,,,,,,,,,,,,,,,,,,,,,,,,,,,,,,,,,,,,,,,,,,,,,,,,,,,,,,,,,,,,,,,,,,,,,,,,
1949,Kansas-Oklahoma-Missouri League,P10767,Zugay,Joseph,,L,regular,0,Bartlesville,,,,,,,,,,,,,,,,,,,,,,,,,1,,0,0,,,0,0,,0.0,0.1,,,,,,,,,,,,,,,,,,,,,,,,,,,,,,,,,,,,,,,,,,,,,,,,,,,,,,,,,,,,,,,,,,,,,,,,,,,,,,,,,,,,,,,,,,,,,,,,,,,,,,,,,,,,,,,,,,,,,,
1949,Kansas-Oklahoma-Missouri League,P10772,Briggs,Forrest,,L,regular,0,Bartlesville,,,,,,,,,,,,,,,,,,,,,,,,,1,,0,0,,,0,0,,0.0,0.0,,,,,,,,,,,,,,,,,,,,,,,,,,,,,,,,,,,,,,,,,,,,,,,,,,,,,,,,,,,,,,,,,,,,,,,,,,,,,,,,,,,,,,,,,,,,,,,,,,,,,,,,,,,,,,,,,,,,,,
