league.year,league.name,entry.name,phase.name,division.name,S_FIRST,S_LAST,R_G,R_W,R_L,R_T,R_PCT,R_RANK,R_ATT,B_G,B_IP,B_AB,B_R,B_ER,B_H,B_TB,B_1B,B_2B,B_3B,B_HR,B_RBI,B_BB,B_IBB,B_SO,B_GDP,B_HP,B_SH,B_SF,B_SB,B_CS,B_AVG,P_G,P_CG,P_SHO,P_GF,P_W,P_L,P_T,P_PCT,P_IP,P_AB,P_R,P_ER,P_H,P_HR,P_BB,P_IBB,P_SO,P_HP,P_SH,P_SF,P_WP,P_BK,P_ERA,F_G,F_TC,F_PO,F_A,F_E,F_DP,F_TP,F_PB,F_XI,F_LOB,F_PCT
1913,Appalachian League,Johnson City,regular/first,,,,,35,17,,0.673,1,,,,,,,,,,,,,,,,,,,,,,,,,,,,,,,,,,,,,,,,,,,,,,,,,,,,,,,,,
1913,Appalachian League,Knoxville,regular/first,,,,,29,24,,0.547,2,,,,,,,,,,,,,,,,,,,,,,,,,,,,,,,,,,,,,,,,,,,,,,,,,,,,,,,,,
1913,Appalachian League,Bristol,regular/first,,,,,24,26,,0.48,3,,,,,,,,,,,,,,,,,,,,,,,,,,,,,,,,,,,,,,,,,,,,,,,,,,,,,,,,,
1913,Appalachian League,Rome,regular/first,,,,,22,27,,0.449,4,,,,,,,,,,,,,,,,,,,,,,,,,,,,,,,,,,,,,,,,,,,,,,,,,,,,,,,,,
1913,Appalachian League,Morristown,regular/first,,,,,21,28,,0.429,5,,,,,,,,,,,,,,,,,,,,,,,,,,,,,,,,,,,,,,,,,,,,,,,,,,,,,,,,,
1913,Appalachian League,Middlesboro,regular/first,,,,,20,29,,0.408,6,,,,,,,,,,,,,,,,,,,,,,,,,,,,,,,,,,,,,,,,,,,,,,,,,,,,,,,,,
1913,Appalachian League,Knoxville,regular/second,,,,,35,15,,0.7,1,,,,,,,,,,,,,,,,,,,,,,,,,,,,,,,,,,,,,,,,,,,,,,,,,,,,,,,,,
1913,Appalachian League,Morristown,regular/second,,,,,34,18,,0.654,2,,,,,,,,,,,,,,,,,,,,,,,,,,,,,,,,,,,,,,,,,,,,,,,,,,,,,,,,,
1913,Appalachian League,Johnson City,regular/second,,,,,31,21,,0.596,3,,,,,,,,,,,,,,,,,,,,,,,,,,,,,,,,,,,,,,,,,,,,,,,,,,,,,,,,,
1913,Appalachian League,Rome,regular/second,,,,,23,29,,0.442,4,,,,,,,,,,,,,,,,,,,,,,,,,,,,,,,,,,,,,,,,,,,,,,,,,,,,,,,,,
1913,Appalachian League,Bristol,regular/second,,,,,21,29,,0.42,5,,,,,,,,,,,,,,,,,,,,,,,,,,,,,,,,,,,,,,,,,,,,,,,,,,,,,,,,,
1913,Appalachian League,Middlesboro,regular/second,,,,,10,42,,0.192,6,,,,,,,,,,,,,,,,,,,,,,,,,,,,,,,,,,,,,,,,,,,,,,,,,,,,,,,,,
1913,Appalachian League,Johnson City,final,,,,,1,2,,0.333,1,,,,,,,,,,,,,,,,,,,,,,,,,,,,,,,,,,,,,,,,,,,,,,,,,,,,,,,,,
1913,Appalachian League,Knoxville,final,,,,,2,1,,0.667,2,,,,,,,,,,,,,,,,,,,,,,,,,,,,,,,,,,,,,,,,,,,,,,,,,,,,,,,,,
1913,Appalachian League,Morristown,regular,,,,,,,,,,,103,,3305,449,,979,1294,,137,32,38,,214,,446,,,134,,166,,0.279,,,,,,,,,,,,,,,,,,,,,,,,,,,,,,,,,,
1913,Appalachian League,Rome,regular,,,,,,,,,,,105,,3407,472,,931,1236,,152,33,29,,282,,493,,,113,,143,,0.273,,,,,,,,,,,,,,,,,,,,,,,,,,,,,,,,,,
1913,Appalachian League,Knoxville,regular,,,,,,,,,,,108,,3614,478,,977,1351,,173,48,35,,201,,393,,,120,,157,,0.279,,,,,,,,,,,,,,,,,,,,,,,,,,,,,,,,,,
1913,Appalachian League,Middlesboro,regular,,,,,,,,,,,104,,3290,352,,820,1098,,148,41,16,,154,,485,,,94,,136,,0.249,,,,,,,,,,,,,,,,,,,,,,,,,,,,,,,,,,
1913,Appalachian League,Johnson City,regular,,,,,,,,,,,107,,3305,394,,810,1042,,125,49,3,,184,,367,,,92,,195,,0.245,,,,,,,,,,,,,,,,,,,,,,,,,,,,,,,,,,
1913,Appalachian League,Bristol,regular,,,,,,,,,,,105,,3368,382,,802,1059,,146,36,13,,195,,567,,,93,,186,,0.238,,,,,,,,,,,,,,,,,,,,,,,,,,,,,,,,,,
1913,Appalachian League,Johnson City,regular,,,,,,,,,,,,,,,,,,,,,,,,,,,,,,,,,,,,,,,,,,,,,,,,,,,,,,,,,4197,2782,1264,151,,,,,,0.964
1913,Appalachian League,Knoxville,regular,,,,,,,,,,,,,,,,,,,,,,,,,,,,,,,,,,,,,,,,,,,,,,,,,,,,,,,,,4326,2879,1288,159,,,,,,0.963
1913,Appalachian League,Morristown,regular,,,,,,,,,,,,,,,,,,,,,,,,,,,,,,,,,,,,,,,,,,,,,,,,,,,,,,,,,4013,2632,1221,160,,,,,,0.96
1913,Appalachian League,Bristol,regular,,,,,,,,,,,,,,,,,,,,,,,,,,,,,,,,,,,,,,,,,,,,,,,,,,,,,,,,,4130,2694,1237,199,,,,,,0.952
1913,Appalachian League,Middlesboro,regular,,,,,,,,,,,,,,,,,,,,,,,,,,,,,,,,,,,,,,,,,,,,,,,,,,,,,,,,,3944,2535,1214,195,,,,,,0.951
1913,Appalachian League,Rome,regular,,,,,,,,,,,,,,,,,,,,,,,,,,,,,,,,,,,,,,,,,,,,,,,,,,,,,,,,,4179,2663,1261,255,,,,,,0.939
1913,Border League,Ypsilanti,regular,,,,,24,10,,0.706,1,,,,,,,,,,,,,,,,,,,,,,,,,,,,,,,,,,,,,,,,,,,,,,,,,,,,,,,,,
1913,Border League,Wyandotte,regular,,,,,24,13,,0.649,2,,,,,,,,,,,,,,,,,,,,,,,,,,,,,,,,,,,,,,,,,,,,,,,,,,,,,,,,,
1913,Border League,Port Huron,regular,,,,,15,19,,0.441,3,,,,,,,,,,,,,,,,,,,,,,,,,,,,,,,,,,,,,,,,,,,,,,,,,,,,,,,,,
1913,Border League,Mount Clemens,regular,,,,,7,9,,0.437,4,,,,,,,,,,,,,,,,,,,,,,,,,,,,,,,,,,,,,,,,,,,,,,,,,,,,,,,,,
1913,Border League,Pontiac,regular,,,,,13,18,,0.418,5,,,,,,,,,,,,,,,,,,,,,,,,,,,,,,,,,,,,,,,,,,,,,,,,,,,,,,,,,
1913,Border League,Windsor,regular,,,,,10,24,,0.294,6,,,,,,,,,,,,,,,,,,,,,,,,,,,,,,,,,,,,,,,,,,,,,,,,,,,,,,,,,
1913,Border League,Ypsilanti,regular,,,,,,,,,,,33,,1136,185,,321,442,,42,23,11,,,,,,,24,,71,,0.282,,,,,,,,,,,,,,,,,,,,,,,,,,,,,,,,,,
1913,Border League,Wyandotte,regular,,,,,,,,,,,36,,1226,172,,321,401,,41,15,3,,,,,,,16,,53,,0.262,,,,,,,,,,,,,,,,,,,,,,,,,,,,,,,,,,
1913,Border League,Port Huron,regular,,,,,,,,,,,34,,1111,168,,275,339,,36,11,2,,,,,,,31,,66,,0.247,,,,,,,,,,,,,,,,,,,,,,,,,,,,,,,,,,
1913,Border League,Pontiac,regular,,,,,,,,,,,31,,1002,136,,215,282,,36,11,3,,,,,,,10,,59,,0.214,,,,,,,,,,,,,,,,,,,,,,,,,,,,,,,,,,
1913,Border League,Windsor,regular,,,,,,,,,,,34,,1059,107,,203,265,,29,9,5,,,,,,,21,,61,,0.191,,,,,,,,,,,,,,,,,,,,,,,,,,,,,,,,,,
1913,Border League,Wyandotte,regular,,,,,,,,,,,,,,,,,,,,,,,,,,,,,,,,,,,,,,,,,,,,,,,,,,,,,,,,36,,951,467,79,,,,,,0.948
1913,Border League,Ypsilanti,regular,,,,,,,,,,,,,,,,,,,,,,,,,,,,,,,,,,,,,,,,,,,,,,,,,,,,,,,,33,,881,354,87,,,,,,0.939
1913,Border League,Port Huron,regular,,,,,,,,,,,,,,,,,,,,,,,,,,,,,,,,,,,,,,,,,,,,,,,,,,,,,,,,34,,863,347,89,,,,,,0.936
1913,Border League,Windsor,regular,,,,,,,,,,,,,,,,,,,,,,,,,,,,,,,,,,,,,,,,,,,,,,,,,,,,,,,,34,,697,313,96,,,,,,0.913
1913,Border League,Pontiac,regular,,,,,,,,,,,,,,,,,,,,,,,,,,,,,,,,,,,,,,,,,,,,,,,,,,,,,,,,31,,730,309,106,,,,,,0.907
1913,California State League,Stockton,regular,,,,,79,44,,0.642,1,,,,,,,,,,,,,,,,,,,,,,,,,,,,,,,,,,,,,,,,,,,,,,,,,,,,,,,,,
1913,California State League,Fresno,regular,,,,,73,50,,0.594,2,,,,,,,,,,,,,,,,,,,,,,,,,,,,,,,,,,,,,,,,,,,,,,,,,,,,,,,,,
1913,California State League,Watsonville,regular,,,,,52,71,,0.423,3,,,,,,,,,,,,,,,,,,,,,,,,,,,,,,,,,,,,,,,,,,,,,,,,,,,,,,,,,
1913,California State League,San Jose,regular,,,,,42,81,,0.342,4,,,,,,,,,,,,,,,,,,,,,,,,,,,,,,,,,,,,,,,,,,,,,,,,,,,,,,,,,
1913,California State League,Fresno,regular,,,,,,,,,,,124,,4025,549,,1031,,,163,47,27,,,,,,,169,,201,,0.256,,,,,,,,,,,,,,,,,,,,,,,,,,,,,,,,,,
1913,California State League,Stockton,regular,,,,,,,,,,,124,,4154,546,,1031,,,104,65,23,,,,,,,170,,203,,0.248,,,,,,,,,,,,,,,,,,,,,,,,,,,,,,,,,,
1913,California State League,Watsonville,regular,,,,,,,,,,,123,,4009,466,,946,,,119,43,25,,,,,,,147,,208,,0.235,,,,,,,,,,,,,,,,,,,,,,,,,,,,,,,,,,
1913,California State League,San Jose,regular,,,,,,,,,,,123,,4001,428,,937,,,113,41,9,,,,,,,130,,203,,0.234,,,,,,,,,,,,,,,,,,,,,,,,,,,,,,,,,,
1913,California State League,Stockton,regular,,,,,,,,,,,,,,,,,,,,,,,,,,,,,,,,,,,,,,,,,,,,,,,,,,,,,,,,124,,3296,1482,249,,,,,,0.95
1913,California State League,Fresno,regular,,,,,,,,,,,,,,,,,,,,,,,,,,,,,,,,,,,,,,,,,,,,,,,,,,,,,,,,124,,33809,1546,275,,,,,,0.947
1913,California State League,San Jose,regular,,,,,,,,,,,,,,,,,,,,,,,,,,,,,,,,,,,,,,,,,,,,,,,,,,,,,,,,123,,3269,1435,358,,,,,,0.929
1913,California State League,Watsonville,regular,,,,,,,,,,,,,,,,,,,,,,,,,,,,,,,,,,,,,,,,,,,,,,,,,,,,,,,,123,,3279,1536,371,,,,,,0.928
1913,Canadian League,Ottawa,regular,,,,,66,39,,0.629,1,,,,,,,,,,,,,,,,,,,,,,,,,,,,,,,,,,,,,,,,,,,,,,,,,,,,,,,,,
1913,Canadian League,London,regular,,,,,64,39,,0.621,2,,,,,,,,,,,,,,,,,,,,,,,,,,,,,,,,,,,,,,,,,,,,,,,,,,,,,,,,,
1913,Canadian League,St. Thomas,regular,,,,,56,48,,0.538,3,,,,,,,,,,,,,,,,,,,,,,,,,,,,,,,,,,,,,,,,,,,,,,,,,,,,,,,,,
1913,Canadian League,Peterborough,regular,,,,,55,48,,0.534,4,,,,,,,,,,,,,,,,,,,,,,,,,,,,,,,,,,,,,,,,,,,,,,,,,,,,,,,,,
1913,Canadian League,Guelph,regular,,,,,54,49,,0.524,5,,,,,,,,,,,,,,,,,,,,,,,,,,,,,,,,,,,,,,,,,,,,,,,,,,,,,,,,,
1913,Canadian League,Hamilton,regular,,,,,52,52,,0.5,6,,,,,,,,,,,,,,,,,,,,,,,,,,,,,,,,,,,,,,,,,,,,,,,,,,,,,,,,,
1913,Canadian League,Berlin,regular,,,,,38,66,,0.365,7,,,,,,,,,,,,,,,,,,,,,,,,,,,,,,,,,,,,,,,,,,,,,,,,,,,,,,,,,
1913,Canadian League,Brantford,regular,,,,,30,74,,0.288,8,,,,,,,,,,,,,,,,,,,,,,,,,,,,,,,,,,,,,,,,,,,,,,,,,,,,,,,,,
1913,Central League,Grand Rapids,regular,,,,,92,48,,0.657,1,,,,,,,,,,,,,,,,,,,,,,,,,,,,,,,,,,,,,,,,,,,,,,,,,,,,,,,,,
1913,Central League,Fort Wayne,regular,,,,,77,63,,0.55,2,,,,,,,,,,,,,,,,,,,,,,,,,,,,,,,,,,,,,,,,,,,,,,,,,,,,,,,,,
1913,Central League,Springfield,regular,,,,,67,71,,0.486,3,,,,,,,,,,,,,,,,,,,,,,,,,,,,,,,,,,,,,,,,,,,,,,,,,,,,,,,,,
1913,Central League,Dayton,regular,,,,,62,77,,0.446,4,,,,,,,,,,,,,,,,,,,,,,,,,,,,,,,,,,,,,,,,,,,,,,,,,,,,,,,,,
1913,Central League,Terre Haute,regular,,,,,60,79,,0.431,5,,,,,,,,,,,,,,,,,,,,,,,,,,,,,,,,,,,,,,,,,,,,,,,,,,,,,,,,,
1913,Central League,Evansville,regular,,,,,60,80,,0.429,6,,,,,,,,,,,,,,,,,,,,,,,,,,,,,,,,,,,,,,,,,,,,,,,,,,,,,,,,,
1913,Eastern Association,Hartford,regular,,,,,83,48,,0.634,1,,,,,,,,,,,,,,,,,,,,,,,,,,,,,,,,,,,,,,,,,,,,,,,,,,,,,,,,,
1913,Eastern Association,New Haven,regular,,,,,79,52,,0.603,2,,,,,,,,,,,,,,,,,,,,,,,,,,,,,,,,,,,,,,,,,,,,,,,,,,,,,,,,,
1913,Eastern Association,Waterbury,regular,,,,,70,61,,0.534,3,,,,,,,,,,,,,,,,,,,,,,,,,,,,,,,,,,,,,,,,,,,,,,,,,,,,,,,,,
1913,Eastern Association,Bridgeport,regular,,,,,69,63,,0.523,4,,,,,,,,,,,,,,,,,,,,,,,,,,,,,,,,,,,,,,,,,,,,,,,,,,,,,,,,,
1913,Eastern Association,New London,regular,,,,,65,66,,0.496,5,,,,,,,,,,,,,,,,,,,,,,,,,,,,,,,,,,,,,,,,,,,,,,,,,,,,,,,,,
1913,Eastern Association,Springfield,regular,,,,,60,70,,0.462,6,,,,,,,,,,,,,,,,,,,,,,,,,,,,,,,,,,,,,,,,,,,,,,,,,,,,,,,,,
1913,Eastern Association,Pittsfield,regular,,,,,62,73,,0.459,7,,,,,,,,,,,,,,,,,,,,,,,,,,,,,,,,,,,,,,,,,,,,,,,,,,,,,,,,,
1913,Eastern Association,Meriden,regular,,,,,40,95,,0.297,8,,,,,,,,,,,,,,,,,,,,,,,,,,,,,,,,,,,,,,,,,,,,,,,,,,,,,,,,,
1913,Eastern Association,Hartford,regular,,,,,,,,,,,135,,4416,651,,1203,,,,,,,,,,,,,,,,0.272,,,,,,,,,,,,,,,,,,,,,,,,,,,,,,,,,,
1913,Eastern Association,Waterbury,regular,,,,,,,,,,,132,,4363,561,,1130,,,,,,,,,,,,,,,,0.26,,,,,,,,,,,,,,,,,,,,,,,,,,,,,,,,,,
1913,Eastern Association,Pittsfield,regular,,,,,,,,,,,137,,4475,496,,1112,,,,,,,,,,,,,,,,0.248,,,,,,,,,,,,,,,,,,,,,,,,,,,,,,,,,,
1913,Eastern Association,New Haven,regular,,,,,,,,,,,135,,4474,513,,1091,,,,,,,,,,,,,,,,0.244,,,,,,,,,,,,,,,,,,,,,,,,,,,,,,,,,,
1913,Eastern Association,Bridgeport,regular,,,,,,,,,,,136,,4454,477,,1070,,,,,,,,,,,,,,,,0.24,,,,,,,,,,,,,,,,,,,,,,,,,,,,,,,,,,
1913,Eastern Association,Springfield,regular,,,,,,,,,,,134,,4366,484,,1041,,,,,,,,,,,,,,,,0.238,,,,,,,,,,,,,,,,,,,,,,,,,,,,,,,,,,
1913,Eastern Association,New London,regular,,,,,,,,,,,132,,4304,416,,1011,,,,,,,,,,,,,,,,0.235,,,,,,,,,,,,,,,,,,,,,,,,,,,,,,,,,,
1913,Eastern Association,Meriden,regular,,,,,,,,,,,137,,4607,400,,1068,,,,,,,,,,,,,,,,0.232,,,,,,,,,,,,,,,,,,,,,,,,,,,,,,,,,,
1913,Eastern Association,Hartford,regular,,,,,,,,,,,,,,,,,,,,,12,,,,,,,170,,269,,,,,,,,,,,,,,,,,,,,,,,,,,,,,,,,,,,,
1913,Eastern Association,Waterbury,regular,,,,,,,,,,,,,,,,,,,,,24,,,,,,,204,,192,,,,,,,,,,,,,,,,,,,,,,,,,,,,,,,,,,,,
1913,Eastern Association,New Haven,regular,,,,,,,,,,,,,,,,,,,,,23,,,,,,,175,,207,,,,,,,,,,,,,,,,,,,,,,,,,,,,,,,,,,,,
1913,Eastern Association,Bridgeport,regular,,,,,,,,,,,,,,,,,,,,,10,,,,,,,168,,230,,,,,,,,,,,,,,,,,,,,,,,,,,,,,,,,,,,,
1913,Eastern Association,New London,regular,,,,,,,,,,,,,,,,,,,,,9,,,,,,,151,,154,,,,,,,,,,,,,,,,,,,,,,,,,,,,,,,,,,,,
1913,Eastern Association,Springfield,regular,,,,,,,,,,,,,,,,,,,,,11,,,,,,,205,,208,,,,,,,,,,,,,,,,,,,,,,,,,,,,,,,,,,,,
1913,Eastern Association,Pittsfield,regular,,,,,,,,,,,,,,,,,,,,,7,,,,,,,161,,261,,,,,,,,,,,,,,,,,,,,,,,,,,,,,,,,,,,,
1913,Eastern Association,Meriden,regular,,,,,,,,,,,,,,,,,,,,,24,,,,,,,132,,90,,,,,,,,,,,,,,,,,,,,,,,,,,,,,,,,,,,,
1913,Eastern Association,New London,regular,,,,,,,,,,,,,,,,,,,,,,,,,,,,,,,,,,,,,,,,,,,,,,,,,,,,,,,,132,,3538,1636,196,,,,,,0.964
1913,Eastern Association,New Haven,regular,,,,,,,,,,,,,,,,,,,,,,,,,,,,,,,,,,,,,,,,,,,,,,,,,,,,,,,,135,,3727,1898,241,,,,,,0.959
1913,Eastern Association,Bridgeport,regular,,,,,,,,,,,,,,,,,,,,,,,,,,,,,,,,,,,,,,,,,,,,,,,,,,,,,,,,136,,3708,1911,242,,,,,,0.959
1913,Eastern Association,Springfield,regular,,,,,,,,,,,,,,,,,,,,,,,,,,,,,,,,,,,,,,,,,,,,,,,,,,,,,,,,134,,3599,1846,273,,,,,,0.954
1913,Eastern Association,Waterbury,regular,,,,,,,,,,,,,,,,,,,,,,,,,,,,,,,,,,,,,,,,,,,,,,,,,,,,,,,,132,,3616,1609,274,,,,,,0.95
1913,Eastern Association,Pittsfield,regular,,,,,,,,,,,,,,,,,,,,,,,,,,,,,,,,,,,,,,,,,,,,,,,,,,,,,,,,137,,3691,1817,293,,,,,,0.95
1913,Eastern Association,Meriden,regular,,,,,,,,,,,,,,,,,,,,,,,,,,,,,,,,,,,,,,,,,,,,,,,,,,,,,,,,137,,3511,1751,294,,,,,,0.947
1913,Eastern Association,Hartford,regular,,,,,,,,,,,,,,,,,,,,,,,,,,,,,,,,,,,,,,,,,,,,,,,,,,,,,,,,135,,3607,1741,315,,,,,,0.944
1913,Illinois-Indiana-Iowa League,Quincy,regular,,,,,79,60,,0.568,1,,,,,,,,,,,,,,,,,,,,,,,,,,,,,,,,,,,,,,,,,,,,,,,,,,,,,,,,,
1913,Illinois-Indiana-Iowa League,Dubuque,regular,,,,,74,62,,0.544,2,,,,,,,,,,,,,,,,,,,,,,,,,,,,,,,,,,,,,,,,,,,,,,,,,,,,,,,,,
1913,Illinois-Indiana-Iowa League,Davenport,regular,,,,,68,66,,0.507,3,,,,,,,,,,,,,,,,,,,,,,,,,,,,,,,,,,,,,,,,,,,,,,,,,,,,,,,,,
1913,Illinois-Indiana-Iowa League,Danville,regular,,,,,69,68,,0.504,4,,,,,,,,,,,,,,,,,,,,,,,,,,,,,,,,,,,,,,,,,,,,,,,,,,,,,,,,,
1913,Illinois-Indiana-Iowa League,Decatur,regular,,,,,67,68,,0.496,5,,,,,,,,,,,,,,,,,,,,,,,,,,,,,,,,,,,,,,,,,,,,,,,,,,,,,,,,,
1913,Illinois-Indiana-Iowa League,Springfield,regular,,,,,66,70,,0.485,6,,,,,,,,,,,,,,,,,,,,,,,,,,,,,,,,,,,,,,,,,,,,,,,,,,,,,,,,,
1913,Illinois-Indiana-Iowa League,Bloomington,regular,,,,,64,71,,0.474,7,,,,,,,,,,,,,,,,,,,,,,,,,,,,,,,,,,,,,,,,,,,,,,,,,,,,,,,,,
1913,Illinois-Indiana-Iowa League,Peoria,regular,,,,,57,79,,0.419,8,,,,,,,,,,,,,,,,,,,,,,,,,,,,,,,,,,,,,,,,,,,,,,,,,,,,,,,,,
1913,Illinois-Indiana-Iowa League,Dubuque,regular,,,,,,,,,,,138,,4413,633,,1173,1607,,201,73,29,,409,,,,,175,,309,,0.266,,,,,,,,,,,,,,,,,,,,,,,,,,,,,,,,,,
1913,Illinois-Indiana-Iowa League,Danville,regular,,,,,,,,,,,139,,4527,583,,1203,1612,,206,61,27,,341,,,,,193,,196,,0.266,,,,,,,,,,,,,,,,,,,,,,,,,,,,,,,,,,
1913,Illinois-Indiana-Iowa League,Decatur,regular,,,,,,,,,,,138,,4566,616,,1198,1645,,174,75,41,,463,,,,,189,,162,,0.262,,,,,,,,,,,,,,,,,,,,,,,,,,,,,,,,,,
1913,Illinois-Indiana-Iowa League,Davenport,regular,,,,,,,,,,,137,,4375,569,,1129,1527,,182,81,18,,431,,,,,229,,212,,0.258,,,,,,,,,,,,,,,,,,,,,,,,,,,,,,,,,,
1913,Illinois-Indiana-Iowa League,Springfield,regular,,,,,,,,,,,139,,4497,573,,1143,1565,,175,34,59,,351,,,,,152,,169,,0.254,,,,,,,,,,,,,,,,,,,,,,,,,,,,,,,,,,
1913,Illinois-Indiana-Iowa League,Quincy,regular,,,,,,,,,,,140,,4495,584,,1108,1506,,176,66,30,,441,,,,,200,,219,,0.247,,,,,,,,,,,,,,,,,,,,,,,,,,,,,,,,,,
1913,Illinois-Indiana-Iowa League,Bloomington,regular,,,,,,,,,,,137,,4311,501,,1052,1432,,139,83,25,,360,,,,,206,,160,,0.244,,,,,,,,,,,,,,,,,,,,,,,,,,,,,,,,,,
1913,Illinois-Indiana-Iowa League,Peoria,regular,,,,,,,,,,,138,,4452,482,,1032,1327,,150,62,7,,352,,,,,144,,209,,0.232,,,,,,,,,,,,,,,,,,,,,,,,,,,,,,,,,,
1913,Illinois-Indiana-Iowa League,Bloomington,regular,,,,,,,,,,,,,,,,,,,,,,,,,,,,,,,,,,,,,,,,,,,,,,,,,,,,,,,,137,,3548,1664,215,72,,6,,,0.96
1913,Illinois-Indiana-Iowa League,Quincy,regular,,,,,,,,,,,,,,,,,,,,,,,,,,,,,,,,,,,,,,,,,,,,,,,,,,,,,,,,140,,3635,1862,235,80,,8,,,0.959
1913,Illinois-Indiana-Iowa League,Danville,regular,,,,,,,,,,,,,,,,,,,,,,,,,,,,,,,,,,,,,,,,,,,,,,,,,,,,,,,,139,,3663,1886,260,64,,7,,,0.955
1913,Illinois-Indiana-Iowa League,Davenport,regular,,,,,,,,,,,,,,,,,,,,,,,,,,,,,,,,,,,,,,,,,,,,,,,,,,,,,,,,137,,3599,1671,259,77,,11,,,0.953
1913,Illinois-Indiana-Iowa League,Springfield,regular,,,,,,,,,,,,,,,,,,,,,,,,,,,,,,,,,,,,,,,,,,,,,,,,,,,,,,,,139,,3591,1722,265,77,,6,,,0.952
1913,Illinois-Indiana-Iowa League,Dubuque,regular,,,,,,,,,,,,,,,,,,,,,,,,,,,,,,,,,,,,,,,,,,,,,,,,,,,,,,,,138,,3637,1881,281,58,,12,,,0.952
1913,Illinois-Indiana-Iowa League,Decatur,regular,,,,,,,,,,,,,,,,,,,,,,,,,,,,,,,,,,,,,,,,,,,,,,,,,,,,,,,,138,,3605,1604,273,69,,2,,,0.95
1913,Illinois-Indiana-Iowa League,Peoria,regular,,,,,,,,,,,,,,,,,,,,,,,,,,,,,,,,,,,,,,,,,,,,,,,,,,,,,,,,138,,3596,1757,338,67,,9,,,0.941
1913,Kansas State League,Great Bend,regular,,,,,53,36,,0.596,1,,,,,,,,,,,,,,,,,,,,,,,,,,,,,,,,,,,,,,,,,,,,,,,,,,,,,,,,,
1913,Kansas State League,Clay Center,regular,,,,,51,37,,0.58,2,,,,,,,,,,,,,,,,,,,,,,,,,,,,,,,,,,,,,,,,,,,,,,,,,,,,,,,,,
1913,Kansas State League,Lyons,regular,,,,,50,39,,0.562,3,,,,,,,,,,,,,,,,,,,,,,,,,,,,,,,,,,,,,,,,,,,,,,,,,,,,,,,,,
1913,Kansas State League,Salina,regular,,,,,26,62,,0.295,4,,,,,,,,,,,,,,,,,,,,,,,,,,,,,,,,,,,,,,,,,,,,,,,,,,,,,,,,,
1913,Kansas State League,Junction City,regular,,,,,,,,,,,,,,,,,,,,,,,,,,,,,,,,,,,,,,,,,,,,,,,,,,,,,,,,,,,,,,,,,,
1913,Kansas State League,Manhattan,regular,,,,,,,,,,,,,,,,,,,,,,,,,,,,,,,,,,,,,,,,,,,,,,,,,,,,,,,,,,,,,,,,,,
1913,Michigan State League,Manistee,regular,,,,,73,47,,0.608,1,,,,,,,,,,,,,,,,,,,,,,,,,,,,,,,,,,,,,,,,,,,,,,,,,,,,,,,,,
1913,Michigan State League,Traverse City,regular,,,,,62,57,,0.521,2,,,,,,,,,,,,,,,,,,,,,,,,,,,,,,,,,,,,,,,,,,,,,,,,,,,,,,,,,
1913,Michigan State League,Muskegon,regular,,,,,61,59,,0.508,3,,,,,,,,,,,,,,,,,,,,,,,,,,,,,,,,,,,,,,,,,,,,,,,,,,,,,,,,,
1913,Michigan State League,Boyne City,regular,,,,,57,63,,0.475,4,,,,,,,,,,,,,,,,,,,,,,,,,,,,,,,,,,,,,,,,,,,,,,,,,,,,,,,,,
1913,Michigan State League,Cadillac,regular,,,,,53,66,,0.445,5,,,,,,,,,,,,,,,,,,,,,,,,,,,,,,,,,,,,,,,,,,,,,,,,,,,,,,,,,
1913,Michigan State League,Ludington,regular,,,,,53,67,,0.442,6,,,,,,,,,,,,,,,,,,,,,,,,,,,,,,,,,,,,,,,,,,,,,,,,,,,,,,,,,
1913,Michigan State League,Ludington,regular,,,,,,,,,,,,,3632,,,981,,,,,,,,,,,,164,,227,,0.27,,,,,,,,,,,,,,,,,,,,,,,,,,,,,,,,,,
1913,Michigan State League,Boyne City,regular,,,,,,,,,,,,,3929,,,1028,,,,,,,,,,,,176,,211,,0.262,,,,,,,,,,,,,,,,,,,,,,,,,,,,,,,,,,
1913,Michigan State League,Cadillac,regular,,,,,,,,,,,,,3993,,,1048,,,,,,,,,,,,162,,170,,0.262,,,,,,,,,,,,,,,,,,,,,,,,,,,,,,,,,,
1913,Michigan State League,Muskegon,regular,,,,,,,,,,,,,3768,,,978,,,,,,,,,,,,187,,193,,0.26,,,,,,,,,,,,,,,,,,,,,,,,,,,,,,,,,,
1913,Michigan State League,Traverse City,regular,,,,,,,,,,,,,4045,,,1041,,,,,,,,,,,,185,,220,,0.257,,,,,,,,,,,,,,,,,,,,,,,,,,,,,,,,,,
1913,Michigan State League,Manistee,regular,,,,,,,,,,,,,3888,,,958,,,,,,,,,,,,235,,160,,0.246,,,,,,,,,,,,,,,,,,,,,,,,,,,,,,,,,,
1913,Michigan State League,Manistee,regular,,,,,,,,,,,,,,,,,,,,,,,,,,,,,,,,,,,,,,,,,,,,,,,,,,,,,,,,,,3116,1472,227,,,,,,0.953
1913,Michigan State League,Cadillac,regular,,,,,,,,,,,,,,,,,,,,,,,,,,,,,,,,,,,,,,,,,,,,,,,,,,,,,,,,,,3756,1507,260,,,,,,0.953
1913,Michigan State League,Muskegon,regular,,,,,,,,,,,,,,,,,,,,,,,,,,,,,,,,,,,,,,,,,,,,,,,,,,,,,,,,,,3347,1518,250,,,,,,0.951
1913,Michigan State League,Traverse City,regular,,,,,,,,,,,,,,,,,,,,,,,,,,,,,,,,,,,,,,,,,,,,,,,,,,,,,,,,,,3158,1561,254,,,,,,0.947
1913,Michigan State League,Ludington,regular,,,,,,,,,,,,,,,,,,,,,,,,,,,,,,,,,,,,,,,,,,,,,,,,,,,,,,,,,,2524,1335,230,,,,,,0.944
1913,Michigan State League,Boyne City,regular,,,,,,,,,,,,,,,,,,,,,,,,,,,,,,,,,,,,,,,,,,,,,,,,,,,,,,,,,,3098,1487,301,,,,,,0.938
1913,Nebraska State League,Kearney,regular,,,,,67,45,,0.598,1,,,,,,,,,,,,,,,,,,,,,,,,,,,,,,,,,,,,,,,,,,,,,,,,,,,,,,,,,
1913,Nebraska State League,Hastings,regular,,,,,64,48,,0.571,2,,,,,,,,,,,,,,,,,,,,,,,,,,,,,,,,,,,,,,,,,,,,,,,,,,,,,,,,,
1913,Nebraska State League,York,regular,,,,,57,55,,0.509,3,,,,,,,,,,,,,,,,,,,,,,,,,,,,,,,,,,,,,,,,,,,,,,,,,,,,,,,,,
1913,Nebraska State League,Fremont,regular,,,,,56,56,,0.5,4,,,,,,,,,,,,,,,,,,,,,,,,,,,,,,,,,,,,,,,,,,,,,,,,,,,,,,,,,
1913,Nebraska State League,Superior,regular,,,,,54,58,,0.482,5,,,,,,,,,,,,,,,,,,,,,,,,,,,,,,,,,,,,,,,,,,,,,,,,,,,,,,,,,
1913,Nebraska State League,Columbus,regular,,,,,54,58,,0.482,6,,,,,,,,,,,,,,,,,,,,,,,,,,,,,,,,,,,,,,,,,,,,,,,,,,,,,,,,,
1913,Nebraska State League,Beatrice,regular,,,,,52,60,,0.464,7,,,,,,,,,,,,,,,,,,,,,,,,,,,,,,,,,,,,,,,,,,,,,,,,,,,,,,,,,
1913,Nebraska State League,Grand Island,regular,,,,,44,68,,0.393,8,,,,,,,,,,,,,,,,,,,,,,,,,,,,,,,,,,,,,,,,,,,,,,,,,,,,,,,,,
1913,Nebraska State League,York,regular,,,,,,,,,,,,,,,,,,,,,,,,,,,,,,,,0.359,,,,,,,,,,,,,,,,,,,,,,,,,,,,,,,,,,
1913,Nebraska State League,Kearney,regular,,,,,,,,,,,,,,,,,,,,,,,,,,,,,,,,0.332,,,,,,,,,,,,,,,,,,,,,,,,,,,,,,,,,,
1913,Nebraska State League,Hastings,regular,,,,,,,,,,,,,,,,,,,,,,,,,,,,,,,,0.314,,,,,,,,,,,,,,,,,,,,,,,,,,,,,,,,,,
1913,Nebraska State League,Superior,regular,,,,,,,,,,,,,,,,,,,,,,,,,,,,,,,,0.306,,,,,,,,,,,,,,,,,,,,,,,,,,,,,,,,,,
1913,Nebraska State League,Columbus,regular,,,,,,,,,,,,,,,,,,,,,,,,,,,,,,,,0.301,,,,,,,,,,,,,,,,,,,,,,,,,,,,,,,,,,
1913,Nebraska State League,Grand Island,regular,,,,,,,,,,,,,,,,,,,,,,,,,,,,,,,,0.278,,,,,,,,,,,,,,,,,,,,,,,,,,,,,,,,,,
1913,Nebraska State League,Beatrice,regular,,,,,,,,,,,,,,,,,,,,,,,,,,,,,,,,0.276,,,,,,,,,,,,,,,,,,,,,,,,,,,,,,,,,,
1913,Nebraska State League,Fremont,regular,,,,,,,,,,,,,,,,,,,,,,,,,,,,,,,,0.27,,,,,,,,,,,,,,,,,,,,,,,,,,,,,,,,,,
1913,Nebraska State League,Kearney,regular,,,,,,,,,,,,,,,,,,,,,,,,,,,,,,,,,,,,,,,,,,,,,,,,,,,,,,,,,,,,,,,,,,0.967
1913,Nebraska State League,Fremont,regular,,,,,,,,,,,,,,,,,,,,,,,,,,,,,,,,,,,,,,,,,,,,,,,,,,,,,,,,,,,,,,,,,,0.955
1913,Nebraska State League,York,regular,,,,,,,,,,,,,,,,,,,,,,,,,,,,,,,,,,,,,,,,,,,,,,,,,,,,,,,,,,,,,,,,,,0.954
1913,Nebraska State League,Beatrice,regular,,,,,,,,,,,,,,,,,,,,,,,,,,,,,,,,,,,,,,,,,,,,,,,,,,,,,,,,,,,,,,,,,,0.953
1913,Nebraska State League,Superior,regular,,,,,,,,,,,,,,,,,,,,,,,,,,,,,,,,,,,,,,,,,,,,,,,,,,,,,,,,,,,,,,,,,,0.951
1913,Nebraska State League,Hastings,regular,,,,,,,,,,,,,,,,,,,,,,,,,,,,,,,,,,,,,,,,,,,,,,,,,,,,,,,,,,,,,,,,,,0.95
1913,Nebraska State League,Columbus,regular,,,,,,,,,,,,,,,,,,,,,,,,,,,,,,,,,,,,,,,,,,,,,,,,,,,,,,,,,,,,,,,,,,0.946
1913,Nebraska State League,Grand Island,regular,,,,,,,,,,,,,,,,,,,,,,,,,,,,,,,,,,,,,,,,,,,,,,,,,,,,,,,,,,,,,,,,,,0.936
1913,New England League,Lowell,regular,,,,,81,45,,0.643,1,,,,,,,,,,,,,,,,,,,,,,,,,,,,,,,,,,,,,,,,,,,,,,,,,,,,,,,,,
1913,New England League,Portland,regular,,,,,71,49,,0.592,2,,,,,,,,,,,,,,,,,,,,,,,,,,,,,,,,,,,,,,,,,,,,,,,,,,,,,,,,,
1913,New England League,Worcester,regular,,,,,71,54,,0.568,3,,,,,,,,,,,,,,,,,,,,,,,,,,,,,,,,,,,,,,,,,,,,,,,,,,,,,,,,,
1913,New England League,Lawrence,regular,,,,,67,53,,0.558,4,,,,,,,,,,,,,,,,,,,,,,,,,,,,,,,,,,,,,,,,,,,,,,,,,,,,,,,,,
1913,New England League,Lynn,regular,,,,,61,60,,0.504,5,,,,,,,,,,,,,,,,,,,,,,,,,,,,,,,,,,,,,,,,,,,,,,,,,,,,,,,,,
1913,New England League,New Bedford,regular,,,,,47,75,,0.385,6,,,,,,,,,,,,,,,,,,,,,,,,,,,,,,,,,,,,,,,,,,,,,,,,,,,,,,,,,
1913,New England League,Fall River,regular,,,,,45,76,,0.372,7,,,,,,,,,,,,,,,,,,,,,,,,,,,,,,,,,,,,,,,,,,,,,,,,,,,,,,,,,
1913,New England League,Brockton,regular,,,,,44,75,,0.37,8,,,,,,,,,,,,,,,,,,,,,,,,,,,,,,,,,,,,,,,,,,,,,,,,,,,,,,,,,
1913,New England League,Lowell,regular,,,,,,,,,,,123,,4303,715,,1233,1663,,181,66,39,,,,,,,148,,231,,0.287,,,,,,,,,,,,,,,,,,,,,,,,,,,,,,,,,,
1913,New England League,Worcester,regular,,,,,,,,,,,127,,3975,594,,1108,1435,,202,49,9,,,,,,,211,,227,,0.279,,,,,,,,,,,,,,,,,,,,,,,,,,,,,,,,,,
1913,New England League,Portland,regular,,,,,,,,,,,122,,4059,694,,1117,1466,,172,60,19,,,,,,,160,,263,,0.275,,,,,,,,,,,,,,,,,,,,,,,,,,,,,,,,,,
1913,New England League,Lawrence,regular,,,,,,,,,,,123,,4098,640,,1109,1521,,198,32,50,,,,,,,158,,193,,0.271,,,,,,,,,,,,,,,,,,,,,,,,,,,,,,,,,,
1913,New England League,Lynn,regular,,,,,,,,,,,122,,3943,506,,1041,1306,,152,31,17,,,,,,,145,,213,,0.264,,,,,,,,,,,,,,,,,,,,,,,,,,,,,,,,,,
1913,New England League,Fall River,regular,,,,,,,,,,,123,,4008,509,,1011,1240,,131,25,16,,,,,,,164,,161,,0.252,,,,,,,,,,,,,,,,,,,,,,,,,,,,,,,,,,
1913,New England League,Brockton,regular,,,,,,,,,,,119,,3808,484,,942,1160,,113,33,13,,,,,,,172,,210,,0.247,,,,,,,,,,,,,,,,,,,,,,,,,,,,,,,,,,
1913,New England League,New Bedford,regular,,,,,,,,,,,122,,4140,485,,1008,1297,,165,44,12,,,,,,,134,,156,,0.243,,,,,,,,,,,,,,,,,,,,,,,,,,,,,,,,,,
1913,New England League,Worcester,regular,,,,,,,,,,,,,,,,,,,,,,,,,,,,,,,,,,,,,,,,,,,,,,,,,,,,,,,,127,,3311,1555,261,,,,,,0.949
1913,New England League,Lowell,regular,,,,,,,,,,,,,,,,,,,,,,,,,,,,,,,,,,,,,,,,,,,,,,,,,,,,,,,,128,,3397,1703,296,,,,,,0.945
1913,New England League,Fall River,regular,,,,,,,,,,,,,,,,,,,,,,,,,,,,,,,,,,,,,,,,,,,,,,,,,,,,,,,,123,,3118,1566,271,,,,,,0.945
1913,New England League,Lawrence,regular,,,,,,,,,,,,,,,,,,,,,,,,,,,,,,,,,,,,,,,,,,,,,,,,,,,,,,,,123,,3263,1626,292,,,,,,0.944
1913,New England League,New Bedford,regular,,,,,,,,,,,,,,,,,,,,,,,,,,,,,,,,,,,,,,,,,,,,,,,,,,,,,,,,122,,3127,1610,285,,,,,,0.943
1913,New England League,Lynn,regular,,,,,,,,,,,,,,,,,,,,,,,,,,,,,,,,,,,,,,,,,,,,,,,,,,,,,,,,122,,3154,1471,285,,,,,,0.942
1913,New England League,Portland,regular,,,,,,,,,,,,,,,,,,,,,,,,,,,,,,,,,,,,,,,,,,,,,,,,,,,,,,,,122,,3210,1470,315,,,,,,0.937
1913,New England League,Brockton,regular,,,,,,,,,,,,,,,,,,,,,,,,,,,,,,,,,,,,,,,,,,,,,,,,,,,,,,,,119,,2965,1515,306,,,,,,0.936
1913,New York-New Jersey League,Long Branch,regular,,,,,65,29,1,0.691,1,,,,,,,,,,,,,,,,,,,,,,,,,,,,,,,,,,,,,,,,,,,,,,,,,,,,,,,,,
1913,New York-New Jersey League,Poughkeepsie,regular,,,,,48,49,1,0.49484,2,,,,,,,,,,,,,,,,,,,,,,,,,,,,,,,,,,,,,,,,,,,,,,,,,,,,,,,,,
1913,New York-New Jersey League,Kingston,regular,,,,,45,46,0,0.4945,3,,,,,,,,,,,,,,,,,,,,,,,,,,,,,,,,,,,,,,,,,,,,,,,,,,,,,,,,,
1913,New York-New Jersey League,Middletown,regular,,,,,42,51,2,0.452,4,,,,,,,,,,,,,,,,,,,,,,,,,,,,,,,,,,,,,,,,,,,,,,,,,,,,,,,,,
1913,New York-New Jersey League,Danbury,regular,,,,,43,55,1,0.439,5,,,,,,,,,,,,,,,,,,,,,,,,,,,,,,,,,,,,,,,,,,,,,,,,,,,,,,,,,
1913,New York-New Jersey League,Newburgh,regular,,,,,41,54,1,0.432,6,,,,,,,,,,,,,,,,,,,,,,,,,,,,,,,,,,,,,,,,,,,,,,,,,,,,,,,,,
1913,New York-New Jersey League,Long Branch,regular,,,,,,,,,,,95,,3134,571,,947,1231,,159,49,9,,,,,,,82,,132,,0.302,,,,,,,,,,,,,,,,,,,,,,,,,,,,,,,,,,
1913,New York-New Jersey League,Middletown,regular,,,,,,,,,,,95,,3088,577,,914,1234,,189,37,19,,,,,,,117,,107,,0.296,,,,,,,,,,,,,,,,,,,,,,,,,,,,,,,,,,
1913,New York-New Jersey League,Kingston,regular,,,,,,,,,,,91,,2952,479,,852,1136,,163,38,15,,,,,,,121,,137,,0.289,,,,,,,,,,,,,,,,,,,,,,,,,,,,,,,,,,
1913,New York-New Jersey League,Newburgh,regular,,,,,,,,,,,96,,3217,496,,906,1156,,141,29,17,,,,,,,109,,111,,0.282,,,,,,,,,,,,,,,,,,,,,,,,,,,,,,,,,,
1913,New York-New Jersey League,Poughkeepsie,regular,,,,,,,,,,,98,,3240,588,,912,1222,,169,48,15,,,,,,,144,,96,,0.281,,,,,,,,,,,,,,,,,,,,,,,,,,,,,,,,,,
1913,New York-New Jersey League,Danbury,regular,,,,,,,,,,,99,,3222,536,,906,1198,,211,15,17,,,,,,,178,,105,,0.281,,,,,,,,,,,,,,,,,,,,,,,,,,,,,,,,,,
1913,New York-New Jersey League,Long Branch,regular,,,,,,,,,,,,,,,,,,,,,,,,,,,,,,,,,,,,,,,,,,,,,,,,,,,,,,,,95,3850,2472,1183,195,65,,,,,0.949
1913,New York-New Jersey League,Danbury,regular,,,,,,,,,,,,,,,,,,,,,,,,,,,,,,,,,,,,,,,,,,,,,,,,,,,,,,,,99,3924,2562,1146,216,68,,,,,0.945
1913,New York-New Jersey League,Newburgh,regular,,,,,,,,,,,,,,,,,,,,,,,,,,,,,,,,,,,,,,,,,,,,,,,,,,,,,,,,96,3779,2396,1156,227,55,,,,,0.94
1913,New York-New Jersey League,Kingston,regular,,,,,,,,,,,,,,,,,,,,,,,,,,,,,,,,,,,,,,,,,,,,,,,,,,,,,,,,91,3654,2332,1089,233,52,,,,,0.936
1913,New York-New Jersey League,Poughkeepsie,regular,,,,,,,,,,,,,,,,,,,,,,,,,,,,,,,,,,,,,,,,,,,,,,,,,,,,,,,,98,3978,2572,1135,271,55,,,,,0.932
1913,New York-New Jersey League,Middletown,regular,,,,,,,,,,,,,,,,,,,,,,,,,,,,,,,,,,,,,,,,,,,,,,,,,,,,,,,,95,3757,2364,1112,281,65,,,,,0.925
1913,New York State League,Binghamton,regular,,,,,84,53,,0.613,1,,,,,,,,,,,,,,,,,,,,,,,,,,,,,,,,,,,,,,,,,,,,,,,,,,,,,,,,,
1913,New York State League,Wilkes-Barre,regular,,,,,84,56,,0.6,2,,,,,,,,,,,,,,,,,,,,,,,,,,,,,,,,,,,,,,,,,,,,,,,,,,,,,,,,,
1913,New York State League,Troy,regular,,,,,76,61,,0.555,3,,,,,,,,,,,,,,,,,,,,,,,,,,,,,,,,,,,,,,,,,,,,,,,,,,,,,,,,,
1913,New York State League,Utica,regular,,,,,74,65,,0.532,4,,,,,,,,,,,,,,,,,,,,,,,,,,,,,,,,,,,,,,,,,,,,,,,,,,,,,,,,,
1913,New York State League,Albany,regular,,,,,72,67,,0.518,5,,,,,,,,,,,,,,,,,,,,,,,,,,,,,,,,,,,,,,,,,,,,,,,,,,,,,,,,,
1913,New York State League,Syracuse,regular,,,,,61,78,,0.439,6,,,,,,,,,,,,,,,,,,,,,,,,,,,,,,,,,,,,,,,,,,,,,,,,,,,,,,,,,
1913,New York State League,Elmira,regular,,,,,56,85,,0.397,7,,,,,,,,,,,,,,,,,,,,,,,,,,,,,,,,,,,,,,,,,,,,,,,,,,,,,,,,,
1913,New York State League,Scranton,regular,,,,,49,91,,0.35,8,,,,,,,,,,,,,,,,,,,,,,,,,,,,,,,,,,,,,,,,,,,,,,,,,,,,,,,,,
1913,North Carolina State League,Winston-Salem,regular,,,,,66,49,,0.574,1,,,,,,,,,,,,,,,,,,,,,,,,,,,,,,,,,,,,,,,,,,,,,,,,,,,,,,,,,
1913,North Carolina State League,Durham,regular,,,,,65,49,,0.57,2,,,,,,,,,,,,,,,,,,,,,,,,,,,,,,,,,,,,,,,,,,,,,,,,,,,,,,,,,
1913,North Carolina State League,Raleigh,regular,,,,,60,53,,0.531,3,,,,,,,,,,,,,,,,,,,,,,,,,,,,,,,,,,,,,,,,,,,,,,,,,,,,,,,,,
1913,North Carolina State League,Asheville,regular,,,,,58,55,,0.513,4,,,,,,,,,,,,,,,,,,,,,,,,,,,,,,,,,,,,,,,,,,,,,,,,,,,,,,,,,
1913,North Carolina State League,Charlotte,regular,,,,,47,67,,0.412,5,,,,,,,,,,,,,,,,,,,,,,,,,,,,,,,,,,,,,,,,,,,,,,,,,,,,,,,,,
1913,North Carolina State League,Greensboro,regular,,,,,46,69,,0.4,6,,,,,,,,,,,,,,,,,,,,,,,,,,,,,,,,,,,,,,,,,,,,,,,,,,,,,,,,,
1913,North Carolina State League,Ashevillle,regular,,,,,,,,,,,117,,3865,492,,989,,,,,,,,,,,,,,,,0.256,,,,,,,,,,,,,,,,,,,,,,,,,,,,,,,,,,
1913,North Carolina State League,Raleigh,regular,,,,,,,,,,,116,,3832,475,,962,,,,,,,,,,,,,,,,0.252,,,,,,,,,,,,,,,,,,,,,,,,,,,,,,,,,,
1913,North Carolina State League,Durham,regular,,,,,,,,,,,115,,3720,484,,921,,,,,,,,,,,,,,,,0.248,,,,,,,,,,,,,,,,,,,,,,,,,,,,,,,,,,
1913,North Carolina State League,Winston-Salem,regular,,,,,,,,,,,117,,3733,539,,924,,,,,,,,,,,,,,,,0.248,,,,,,,,,,,,,,,,,,,,,,,,,,,,,,,,,,
1913,North Carolina State League,Greensboro,regular,,,,,,,,,,,116,,3745,403,,892,,,,,,,,,,,,,,,,0.238,,,,,,,,,,,,,,,,,,,,,,,,,,,,,,,,,,
1913,North Carolina State League,Charlotte,regular,,,,,,,,,,,118,,3567,373,,831,,,,,,,,,,,,,,,,0.233,,,,,,,,,,,,,,,,,,,,,,,,,,,,,,,,,,
1913,North Carolina State League,Asheville,regular,,,,,,,,,,,,,,,,,,,,,,,,,,,,,,,,,,,,,,,,,,,,,,,,,,,,,,,,116,,3051,1545,235,,,,,,0.951
1913,North Carolina State League,Greensboro,regular,,,,,,,,,,,,,,,,,,,,,,,,,,,,,,,,,,,,,,,,,,,,,,,,,,,,,,,,116,,2998,1419,240,,,,,,0.949
1913,North Carolina State League,Raleigh,regular,,,,,,,,,,,,,,,,,,,,,,,,,,,,,,,,,,,,,,,,,,,,,,,,,,,,,,,,116,,2976,1528,246,,,,,,0.948
1913,North Carolina State League,Durham,regular,,,,,,,,,,,,,,,,,,,,,,,,,,,,,,,,,,,,,,,,,,,,,,,,,,,,,,,,115,,3032,1502,249,,,,,,0.948
1913,North Carolina State League,Winston-Salem,regular,,,,,,,,,,,,,,,,,,,,,,,,,,,,,,,,,,,,,,,,,,,,,,,,,,,,,,,,117,,3014,1486,256,,,,,,0.946
1913,North Carolina State League,Charlotte,regular,,,,,,,,,,,,,,,,,,,,,,,,,,,,,,,,,,,,,,,,,,,,,,,,,,,,,,,,118,,3007,1382,274,,,,,,0.941
1913,Northern League,Winona,regular,,,,,83,38,,0.686,1,,,,,,,,,,,,,,,,,,,,,,,,,,,,,,,,,,,,,,,,,,,,,,,,,,,,,,,,,
1913,Northern League,Superior,regular,,,,,72,42,,0.632,2,,,,,,,,,,,,,,,,,,,,,,,,,,,,,,,,,,,,,,,,,,,,,,,,,,,,,,,,,
1913,Northern League,Winnipeg,regular,,,,,69,53,,0.566,3,,,,,,,,,,,,,,,,,,,,,,,,,,,,,,,,,,,,,,,,,,,,,,,,,,,,,,,,,
1913,Northern League,Duluth,regular,,,,,65,54,,0.546,4,,,,,,,,,,,,,,,,,,,,,,,,,,,,,,,,,,,,,,,,,,,,,,,,,,,,,,,,,
1913,Northern League,Minneapolis,regular,,,,,65,59,,0.524,5,,,,,,,,,,,,,,,,,,,,,,,,,,,,,,,,,,,,,,,,,,,,,,,,,,,,,,,,,
1913,Northern League,Grand Forks,regular,,,,,54,67,,0.446,6,,,,,,,,,,,,,,,,,,,,,,,,,,,,,,,,,,,,,,,,,,,,,,,,,,,,,,,,,
1913,Northern League,La Crosse,regular,,,,,40,78,,0.339,7,,,,,,,,,,,,,,,,,,,,,,,,,,,,,,,,,,,,,,,,,,,,,,,,,,,,,,,,,
1913,Northern League,Virginia,regular,,,,,30,87,,0.256,8,,,,,,,,,,,,,,,,,,,,,,,,,,,,,,,,,,,,,,,,,,,,,,,,,,,,,,,,,
1913,Northwestern League,Vancouver,regular,,,,,99,66,,0.6,1,,,,,,,,,,,,,,,,,,,,,,,,,,,,,,,,,,,,,,,,,,,,,,,,,,,,,,,,,
1913,Northwestern League,Portland,regular,,,,,86,73,,0.541,2,,,,,,,,,,,,,,,,,,,,,,,,,,,,,,,,,,,,,,,,,,,,,,,,,,,,,,,,,
1913,Northwestern League,Seattle,regular,,,,,89,78,,0.523,3,,,,,,,,,,,,,,,,,,,,,,,,,,,,,,,,,,,,,,,,,,,,,,,,,,,,,,,,,
1913,Northwestern League,Victoria,regular,,,,,81,90,,0.474,4,,,,,,,,,,,,,,,,,,,,,,,,,,,,,,,,,,,,,,,,,,,,,,,,,,,,,,,,,
1913,Northwestern League,Tacoma,regular,,,,,75,96,,0.439,5,,,,,,,,,,,,,,,,,,,,,,,,,,,,,,,,,,,,,,,,,,,,,,,,,,,,,,,,,
1913,Northwestern League,Spokane,regular,,,,,70,97,,0.419,6,,,,,,,,,,,,,,,,,,,,,,,,,,,,,,,,,,,,,,,,,,,,,,,,,,,,,,,,,
1913,South Atlantic League,Savannah,regular/first,,,,,43,14,,0.754,1,,,,,,,,,,,,,,,,,,,,,,,,,,,,,,,,,,,,,,,,,,,,,,,,,,,,,,,,,
1913,South Atlantic League,Macon,regular/first,,,,,32,25,,0.561,2,,,,,,,,,,,,,,,,,,,,,,,,,,,,,,,,,,,,,,,,,,,,,,,,,,,,,,,,,
1913,South Atlantic League,Columbus,regular/first,,,,,29,27,,0.518,3,,,,,,,,,,,,,,,,,,,,,,,,,,,,,,,,,,,,,,,,,,,,,,,,,,,,,,,,,
1913,South Atlantic League,Jacksonville,regular/first,,,,,27,31,,0.466,4,,,,,,,,,,,,,,,,,,,,,,,,,,,,,,,,,,,,,,,,,,,,,,,,,,,,,,,,,
1913,South Atlantic League,Charleston,regular/first,,,,,22,37,,0.373,5,,,,,,,,,,,,,,,,,,,,,,,,,,,,,,,,,,,,,,,,,,,,,,,,,,,,,,,,,
1913,South Atlantic League,Albany,regular/first,,,,,18,37,,0.327,6,,,,,,,,,,,,,,,,,,,,,,,,,,,,,,,,,,,,,,,,,,,,,,,,,,,,,,,,,
1913,South Atlantic League,Savannah,regular/second,,,,,35,24,,0.593,1,,,,,,,,,,,,,,,,,,,,,,,,,,,,,,,,,,,,,,,,,,,,,,,,,,,,,,,,,
1913,South Atlantic League,Jacksonville,regular/second,,,,,33,27,,0.55,2,,,,,,,,,,,,,,,,,,,,,,,,,,,,,,,,,,,,,,,,,,,,,,,,,,,,,,,,,
1913,South Atlantic League,Columbus,regular/second,,,,,31,28,,0.525,3,,,,,,,,,,,,,,,,,,,,,,,,,,,,,,,,,,,,,,,,,,,,,,,,,,,,,,,,,
1913,South Atlantic League,Albany,regular/second,,,,,28,31,,0.475,4,,,,,,,,,,,,,,,,,,,,,,,,,,,,,,,,,,,,,,,,,,,,,,,,,,,,,,,,,
1913,South Atlantic League,Charleston,regular/second,,,,,26,31,,0.456,5,,,,,,,,,,,,,,,,,,,,,,,,,,,,,,,,,,,,,,,,,,,,,,,,,,,,,,,,,
1913,South Atlantic League,Macon,regular/second,,,,,23,35,,0.397,6,,,,,,,,,,,,,,,,,,,,,,,,,,,,,,,,,,,,,,,,,,,,,,,,,,,,,,,,,
1913,South Atlantic League,Macon,regular,,,,,,,,,,,119,,3865,441,,1018,,,,,,,,,,,,157,,134,,0.263,,,,,,,,,,,,,,,,,,,,,,,,,,,,,,,,,,
1913,South Atlantic League,Savannah,regular,,,,,,,,,,,120,,3824,443,,960,,,,,,,,,,,,191,,204,,0.251,,,,,,,,,,,,,,,,,,,,,,,,,,,,,,,,,,
1913,South Atlantic League,Albany,regular,,,,,,,,,,,120,,3866,415,,934,,,,,,,,,,,,169,,140,,0.242,,,,,,,,,,,,,,,,,,,,,,,,,,,,,,,,,,
1913,South Atlantic League,Columbus,regular,,,,,,,,,,,121,,3891,403,,938,,,,,,,,,,,,165,,210,,0.236,,,,,,,,,,,,,,,,,,,,,,,,,,,,,,,,,,
1913,South Atlantic League,Charleston,regular,,,,,,,,,,,123,,3920,343,,921,,,,,,,,,,,,131,,143,,0.235,,,,,,,,,,,,,,,,,,,,,,,,,,,,,,,,,,
1913,South Atlantic League,Jacksonville,regular,,,,,,,,,,,120,,3567,334,,799,,,,,,,,,,,,157,,113,,0.224,,,,,,,,,,,,,,,,,,,,,,,,,,,,,,,,,,
1913,South Atlantic League,Savannah,regular,,,,,,,,,,,,,,,,,,,,,,,,,,,,,,,,,,,,,,,,,,,,,,,,,,,,,,,,120,,3292,1456,199,,,,,,0.96
1913,South Atlantic League,Columbus,regular,,,,,,,,,,,,,,,,,,,,,,,,,,,,,,,,,,,,,,,,,,,,,,,,,,,,,,,,121,,2889,1571,217,,,,,,0.954
1913,South Atlantic League,Albany,regular,,,,,,,,,,,,,,,,,,,,,,,,,,,,,,,,,,,,,,,,,,,,,,,,,,,,,,,,120,,3138,1630,233,,,,,,0.953
1913,South Atlantic League,Jacksonville,regular,,,,,,,,,,,,,,,,,,,,,,,,,,,,,,,,,,,,,,,,,,,,,,,,,,,,,,,,120,,3007,1457,231,,,,,,0.951
1913,South Atlantic League,Macon,regular,,,,,,,,,,,,,,,,,,,,,,,,,,,,,,,,,,,,,,,,,,,,,,,,,,,,,,,,119,,3050,1520,264,,,,,,0.945
1913,South Atlantic League,Charleston,regular,,,,,,,,,,,,,,,,,,,,,,,,,,,,,,,,,,,,,,,,,,,,,,,,,,,,,,,,123,,3255,1347,290,,,,,,0.941
1913,Southern Association,Atlanta,regular,,,,,81,56,8,0.591,1,,,,,,,,,,,,,,,,,,,,,,,,,,,,,,,,,,,,,,,,,,,,,,,,,,,,,,,,,
1913,Southern Association,Mobile,regular,,,,,81,57,3,0.587,2,,,,,,,,,,,,,,,,,,,,,,,,,,,,,,,,,,,,,,,,,,,,,,,,,,,,,,,,,
1913,Southern Association,Birmingham,regular,,,,,74,64,6,0.536,3,,,,,,,,,,,,,,,,,,,,,,,,,,,,,,,,,,,,,,,,,,,,,,,,,,,,,,,,,
1913,Southern Association,Chattanooga,regular,,,,,70,64,7,0.523,4,,,,,,,,,,,,,,,,,,,,,,,,,,,,,,,,,,,,,,,,,,,,,,,,,,,,,,,,,
1913,Southern Association,Montgomery,regular,,,,,68,69,6,0.496,5,,,,,,,,,,,,,,,,,,,,,,,,,,,,,,,,,,,,,,,,,,,,,,,,,,,,,,,,,
1913,Southern Association,Memphis,regular,,,,,64,74,6,0.463,6,,,,,,,,,,,,,,,,,,,,,,,,,,,,,,,,,,,,,,,,,,,,,,,,,,,,,,,,,
1913,Southern Association,Nashville,regular,,,,,62,76,4,0.446,7,,,,,,,,,,,,,,,,,,,,,,,,,,,,,,,,,,,,,,,,,,,,,,,,,,,,,,,,,
1913,Southern Association,New Orleans,regular,,,,,45,85,13,0.346,8,,,,,,,,,,,,,,,,,,,,,,,,,,,,,,,,,,,,,,,,,,,,,,,,,,,,,,,,,
1913,Southern Michigan League,Battle Creek,regular,,,,,77,46,,0.626,1,,,,,,,,,,,,,,,,,,,,,,,,,,,,,,,,,,,,,,,,,,,,,,,,,,,,,,,,,
1913,Southern Michigan League,Adrian,regular,,,,,68,55,,0.553,2,,,,,,,,,,,,,,,,,,,,,,,,,,,,,,,,,,,,,,,,,,,,,,,,,,,,,,,,,
1913,Southern Michigan League,Jackson,regular,,,,,66,60,,0.524,3,,,,,,,,,,,,,,,,,,,,,,,,,,,,,,,,,,,,,,,,,,,,,,,,,,,,,,,,,
1913,Southern Michigan League,Saginaw,regular,,,,,60,65,,0.48,4,,,,,,,,,,,,,,,,,,,,,,,,,,,,,,,,,,,,,,,,,,,,,,,,,,,,,,,,,
1913,Southern Michigan League,Flint,regular,,,,,57,64,,0.471,5,,,,,,,,,,,,,,,,,,,,,,,,,,,,,,,,,,,,,,,,,,,,,,,,,,,,,,,,,
1913,Southern Michigan League,Kalamazoo,regular,,,,,59,67,,0.468,6,,,,,,,,,,,,,,,,,,,,,,,,,,,,,,,,,,,,,,,,,,,,,,,,,,,,,,,,,
1913,Southern Michigan League,Lansing,regular,,,,,54,68,,0.443,7,,,,,,,,,,,,,,,,,,,,,,,,,,,,,,,,,,,,,,,,,,,,,,,,,,,,,,,,,
1913,Southern Michigan League,Bay City,regular,,,,,54,70,,0.435,8,,,,,,,,,,,,,,,,,,,,,,,,,,,,,,,,,,,,,,,,,,,,,,,,,,,,,,,,,
1913,Southern Michigan League,Lansing,regular,,,,,,,,,,,126,,4143,550,,1124,1482,,185,61,17,,329,,714,,,138,,260,,0.271,,,,,,,,,,,,,,,,,,,,,,,,,,,,,,,,,,
1913,Southern Michigan League,Saginaw,regular,,,,,,,,,,,127,,4127,572,,1110,1420,,188,52,6,,344,,730,,,170,,251,,0.269,,,,,,,,,,,,,,,,,,,,,,,,,,,,,,,,,,
1913,Southern Michigan League,Adrian,regular,,,,,,,,,,,124,,4087,529,,1096,1527,,198,70,31,,291,,693,,,184,,170,,0.268,,,,,,,,,,,,,,,,,,,,,,,,,,,,,,,,,,
1913,Southern Michigan League,Jackson,regular,,,,,,,,,,,127,,4103,560,,1088,1490,,174,87,18,,329,,653,,,187,,237,,0.265,,,,,,,,,,,,,,,,,,,,,,,,,,,,,,,,,,
1913,Southern Michigan League,Kalamazoo,regular,,,,,,,,,,,126,,4086,454,,1058,1331,,161,50,4,,293,,702,,,174,,176,,0.258,,,,,,,,,,,,,,,,,,,,,,,,,,,,,,,,,,
1913,Southern Michigan League,Flint,regular,,,,,,,,,,,121,,3930,465,,1014,1396,,166,63,30,,281,,600,,,150,,196,,0.258,,,,,,,,,,,,,,,,,,,,,,,,,,,,,,,,,,
1913,Southern Michigan League,Battle Creek,regular,,,,,,,,,,,126,,4282,540,,1096,1423,,158,62,15,,318,,628,,,114,,231,,0.255,,,,,,,,,,,,,,,,,,,,,,,,,,,,,,,,,,
1913,Southern Michigan League,Bay City,regular,,,,,,,,,,,125,,4153,488,,1025,1330,,152,60,11,,347,,733,,,129,,180,,0.246,,,,,,,,,,,,,,,,,,,,,,,,,,,,,,,,,,
1913,Southern Michigan League,Adrian,regular,,,,,,,,,,,,,,,,,,,,,,,,,,,,,,,,,,,,,,,,,,,,,,,,,,,,,,,,124,,3333,1545,183,61,,,,,0.963
1913,Southern Michigan League,Kalamazoo,regular,,,,,,,,,,,,,,,,,,,,,,,,,,,,,,,,,,,,,,,,,,,,,,,,,,,,,,,,126,,3242,1583,226,76,,,,,0.955
1913,Southern Michigan League,Battle Creek,regular,,,,,,,,,,,,,,,,,,,,,,,,,,,,,,,,,,,,,,,,,,,,,,,,,,,,,,,,126,,3424,1672,238,78,,,,,0.954
1913,Southern Michigan League,Bay City,regular,,,,,,,,,,,,,,,,,,,,,,,,,,,,,,,,,,,,,,,,,,,,,,,,,,,,,,,,125,,3279,1614,237,75,,,,,0.953
1913,Southern Michigan League,Flint,regular,,,,,,,,,,,,,,,,,,,,,,,,,,,,,,,,,,,,,,,,,,,,,,,,,,,,,,,,121,,3163,1491,235,54,,,,,0.95
1913,Southern Michigan League,Lansing,regular,,,,,,,,,,,,,,,,,,,,,,,,,,,,,,,,,,,,,,,,,,,,,,,,,,,,,,,,126,,3275,1647,260,74,,,,,0.949
1913,Southern Michigan League,Saginaw,regular,,,,,,,,,,,,,,,,,,,,,,,,,,,,,,,,,,,,,,,,,,,,,,,,,,,,,,,,127,,3315,1540,275,48,,,,,0.946
1913,Southern Michigan League,Jackson,regular,,,,,,,,,,,,,,,,,,,,,,,,,,,,,,,,,,,,,,,,,,,,,,,,,,,,,,,,127,,3279,1516,285,86,,,,,0.945
1913,Texas League,Houston,regular,,,,,93,57,5,0.62,1,,,,,,,,,,,,,,,,,,,,,,,,,,,,,,,,,,,,,,,,,,,,,,,,,,,,,,,,,
1913,Texas League,Dallas,regular,,,,,92,61,2,0.601,2,,,,,,,,,,,,,,,,,,,,,,,,,,,,,,,,,,,,,,,,,,,,,,,,,,,,,,,,,
1913,Texas League,Waco,regular,,,,,81,71,4,0.533,3,,,,,,,,,,,,,,,,,,,,,,,,,,,,,,,,,,,,,,,,,,,,,,,,,,,,,,,,,
1913,Texas League,San Antonio,regular,,,,,74,78,2,0.487,4,,,,,,,,,,,,,,,,,,,,,,,,,,,,,,,,,,,,,,,,,,,,,,,,,,,,,,,,,
1913,Texas League,Austin,regular,,,,,70,82,4,0.461,5,,,,,,,,,,,,,,,,,,,,,,,,,,,,,,,,,,,,,,,,,,,,,,,,,,,,,,,,,
1913,Texas League,Fort Worth,regular,,,,,70,83,5,0.458,6,,,,,,,,,,,,,,,,,,,,,,,,,,,,,,,,,,,,,,,,,,,,,,,,,,,,,,,,,
1913,Texas League,Galveston,regular,,,,,67,85,5,0.441,7,,,,,,,,,,,,,,,,,,,,,,,,,,,,,,,,,,,,,,,,,,,,,,,,,,,,,,,,,
1913,Texas League,Beaumont,regular,,,,,60,90,3,0.4,8,,,,,,,,,,,,,,,,,,,,,,,,,,,,,,,,,,,,,,,,,,,,,,,,,,,,,,,,,
1913,Texas League,Dallas,regular,,,,,,,,,,,155,,4808,607,,1181,1468,,153,52,10,,544,,594,,,231,,239,,0.246,,,,,,,,,,,,,,,,,,,,,,,,,,,,,,,,,,
1913,Texas League,San Antonio,regular,,,,,,,,,,,154,,4996,554,,1206,1472,,181,29,9,,524,,633,,,202,,275,,0.241,,,,,,,,,,,,,,,,,,,,,,,,,,,,,,,,,,
1913,Texas League,Waco,regular,,,,,,,,,,,156,,5003,570,,1200,1592,,205,59,23,,497,,686,,,180,,313,,0.24,,,,,,,,,,,,,,,,,,,,,,,,,,,,,,,,,,
1913,Texas League,Houston,regular,,,,,,,,,,,155,,4815,576,,1139,1447,,142,68,10,,507,,553,,,225,,236,,0.237,,,,,,,,,,,,,,,,,,,,,,,,,,,,,,,,,,
1913,Texas League,Galveston,regular,,,,,,,,,,,157,,4994,532,,1155,1501,,159,59,23,,560,,780,,,168,,298,,0.231,,,,,,,,,,,,,,,,,,,,,,,,,,,,,,,,,,
1913,Texas League,Fort Worth,regular,,,,,,,,,,,158,,4989,485,,1105,1368,,134,51,9,,502,,665,,,219,,267,,0.221,,,,,,,,,,,,,,,,,,,,,,,,,,,,,,,,,,
1913,Texas League,Beaumont,regular,,,,,,,,,,,153,,4810,533,,1064,1384,,169,44,21,,527,,787,,,155,,172,,0.221,,,,,,,,,,,,,,,,,,,,,,,,,,,,,,,,,,
1913,Texas League,Austin,regular,,,,,,,,,,,156,,4879,541,,1072,1418,,158,67,18,,525,,564,,,199,,223,,0.22,,,,,,,,,,,,,,,,,,,,,,,,,,,,,,,,,,
1913,Texas League,Houston,regular,,,,,,,,,,,,,,,,,,,,,,,,,,,,,,,,,,,,,,,,,,,,,,,,,,,,,,,,155,,4112,1982,266,,,,,,0.958
1913,Texas League,Dallas,regular,,,,,,,,,,,,,,,,,,,,,,,,,,,,,,,,,,,,,,,,,,,,,,,,,,,,,,,,155,,4134,1832,280,,,,,,0.955
1913,Texas League,Waco,regular,,,,,,,,,,,,,,,,,,,,,,,,,,,,,,,,,,,,,,,,,,,,,,,,,,,,,,,,156,,4169,2087,304,,,,,,0.954
1913,Texas League,San Antonio,regular,,,,,,,,,,,,,,,,,,,,,,,,,,,,,,,,,,,,,,,,,,,,,,,,,,,,,,,,154,,4130,1851,296,,,,,,0.953
1913,Texas League,Fort Worth,regular,,,,,,,,,,,,,,,,,,,,,,,,,,,,,,,,,,,,,,,,,,,,,,,,,,,,,,,,158,,4284,2027,339,,,,,,0.949
1913,Texas League,Beaumont,regular,,,,,,,,,,,,,,,,,,,,,,,,,,,,,,,,,,,,,,,,,,,,,,,,,,,,,,,,153,,4037,1967,330,,,,,,0.948
1913,Texas League,Galveston,regular,,,,,,,,,,,,,,,,,,,,,,,,,,,,,,,,,,,,,,,,,,,,,,,,,,,,,,,,157,,4157,2013,350,,,,,,0.946
1913,Texas League,Austin,regular,,,,,,,,,,,,,,,,,,,,,,,,,,,,,,,,,,,,,,,,,,,,,,,,,,,,,,,,156,,4132,1968,390,,,,,,0.94
1913,Texas League,Houston,regular,,,,,,,,,,,,,,,,,,,,,,,,,,,,,,,,,,,,,,,,,,,,,,,,,,,,,,,,,,,,,104,,,,,
1913,Texas League,Waco,regular,,,,,,,,,,,,,,,,,,,,,,,,,,,,,,,,,,,,,,,,,,,,,,,,,,,,,,,,,,,,,100,,,,,
1913,Texas League,Dallas,regular,,,,,,,,,,,,,,,,,,,,,,,,,,,,,,,,,,,,,,,,,,,,,,,,,,,,,,,,,,,,,92,,,,,
1913,Texas League,Beaumont,regular,,,,,,,,,,,,,,,,,,,,,,,,,,,,,,,,,,,,,,,,,,,,,,,,,,,,,,,,,,,,,90,,,,,
1913,Texas League,Galveston,regular,,,,,,,,,,,,,,,,,,,,,,,,,,,,,,,,,,,,,,,,,,,,,,,,,,,,,,,,,,,,,86,,,,,
1913,Texas League,San Antonio,regular,,,,,,,,,,,,,,,,,,,,,,,,,,,,,,,,,,,,,,,,,,,,,,,,,,,,,,,,,,,,,84,,,,,
1913,Texas League,Austin,regular,,,,,,,,,,,,,,,,,,,,,,,,,,,,,,,,,,,,,,,,,,,,,,,,,,,,,,,,,,,,,81,,,,,
1913,Texas League,Fort Worth,regular,,,,,,,,,,,,,,,,,,,,,,,,,,,,,,,,,,,,,,,,,,,,,,,,,,,,,,,,,,,,,77,,,,,
1913,Texas League,Houston,regular,,,,,,,,,,,,,,,,,,,,,,,,,,,,,,,,,,,,,,,,,,,,,,,,,,,,,,,,,,,,,,1,,,,
1913,Texas-Oklahoma League,Denison,regular,,,,,82,39,,0.678,1,,,,,,,,,,,,,,,,,,,,,,,,,,,,,,,,,,,,,,,,,,,,,,,,,,,,,,,,,
1913,Texas-Oklahoma League,Paris,regular,,,,,80,45,,0.64,2,,,,,,,,,,,,,,,,,,,,,,,,,,,,,,,,,,,,,,,,,,,,,,,,,,,,,,,,,
1913,Texas-Oklahoma League,Texarkana,regular,,,,,73,53,,0.579,3,,,,,,,,,,,,,,,,,,,,,,,,,,,,,,,,,,,,,,,,,,,,,,,,,,,,,,,,,
1913,Texas-Oklahoma League,Sherman,regular,,,,,68,58,,0.54,4,,,,,,,,,,,,,,,,,,,,,,,,,,,,,,,,,,,,,,,,,,,,,,,,,,,,,,,,,
1913,Texas-Oklahoma League,Bonham,regular,,,,,57,67,,0.46,5,,,,,,,,,,,,,,,,,,,,,,,,,,,,,,,,,,,,,,,,,,,,,,,,,,,,,,,,,
1913,Texas-Oklahoma League,Hugo,regular,,,,,54,71,,0.432,6,,,,,,,,,,,,,,,,,,,,,,,,,,,,,,,,,,,,,,,,,,,,,,,,,,,,,,,,,
1913,Texas-Oklahoma League,Ardmore,regular,,,,,43,80,,0.35,7,,,,,,,,,,,,,,,,,,,,,,,,,,,,,,,,,,,,,,,,,,,,,,,,,,,,,,,,,
1913,Texas-Oklahoma League,Durant,regular,,,,,42,84,,0.333,8,,,,,,,,,,,,,,,,,,,,,,,,,,,,,,,,,,,,,,,,,,,,,,,,,,,,,,,,,
1913,Texas-Oklahoma League,Denison,regular,,,,,,,,,,,121,,4080,,,1082,,,,,,,,,,,,,,,,0.265,,,,,,,,,,,,,,,,,,,,,,,,,,,,,,,,,,
1913,Texas-Oklahoma League,Hugo,regular,,,,,,,,,,,125,,4418,,,1116,,,,,,,,,,,,,,,,0.253,,,,,,,,,,,,,,,,,,,,,,,,,,,,,,,,,,
1913,Texas-Oklahoma League,Texarkana,regular,,,,,,,,,,,126,,4316,,,1077,,,,,,,,,,,,,,,,0.249,,,,,,,,,,,,,,,,,,,,,,,,,,,,,,,,,,
1913,Texas-Oklahoma League,Paris,regular,,,,,,,,,,,125,,4553,,,1130,,,,,,,,,,,,,,,,0.248,,,,,,,,,,,,,,,,,,,,,,,,,,,,,,,,,,
1913,Texas-Oklahoma League,Bonham,regular,,,,,,,,,,,124,,3650,,,898,,,,,,,,,,,,,,,,0.246,,,,,,,,,,,,,,,,,,,,,,,,,,,,,,,,,,
1913,Texas-Oklahoma League,Sherman,regular,,,,,,,,,,,126,,4181,,,1019,,,,,,,,,,,,,,,,0.244,,,,,,,,,,,,,,,,,,,,,,,,,,,,,,,,,,
1913,Texas-Oklahoma League,Durant,regular,,,,,,,,,,,126,,3494,,,813,,,,,,,,,,,,,,,,0.233,,,,,,,,,,,,,,,,,,,,,,,,,,,,,,,,,,
1913,Texas-Oklahoma League,Ardmore,regular,,,,,,,,,,,123,,4056,,,893,,,,,,,,,,,,,,,,0.22,,,,,,,,,,,,,,,,,,,,,,,,,,,,,,,,,,
1913,Texas-Oklahoma League,Paris,regular,,,,,,,,,,,,,,,,,,,,,,,,,,,,,,,,,,,,,,,,,,,,,,,,,,,,,,,,125,,3730,1741,266,,,,,,0.954
1913,Texas-Oklahoma League,Denison,regular,,,,,,,,,,,,,,,,,,,,,,,,,,,,,,,,,,,,,,,,,,,,,,,,,,,,,,,,121,,3313,1505,287,,,,,,0.944
1913,Texas-Oklahoma League,Bonham,regular,,,,,,,,,,,,,,,,,,,,,,,,,,,,,,,,,,,,,,,,,,,,,,,,,,,,,,,,124,,2902,1284,252,,,,,,0.943
1913,Texas-Oklahoma League,Sherman,regular,,,,,,,,,,,,,,,,,,,,,,,,,,,,,,,,,,,,,,,,,,,,,,,,,,,,,,,,126,,3336,1472,309,,,,,,0.9405
1913,Texas-Oklahoma League,Texarkana,regular,,,,,,,,,,,,,,,,,,,,,,,,,,,,,,,,,,,,,,,,,,,,,,,,,,,,,,,,126,,3395,1455,309,,,,,,0.9401
1913,Texas-Oklahoma League,Durant,regular,,,,,,,,,,,,,,,,,,,,,,,,,,,,,,,,,,,,,,,,,,,,,,,,,,,,,,,,126,,3026,1180,287,,,,,,0.936
1913,Texas-Oklahoma League,Ardmore,regular,,,,,,,,,,,,,,,,,,,,,,,,,,,,,,,,,,,,,,,,,,,,,,,,,,,,,,,,123,,3432,1742,365,,,,,,0.934
1913,Texas-Oklahoma League,Hugo,regular,,,,,,,,,,,,,,,,,,,,,,,,,,,,,,,,,,,,,,,,,,,,,,,,,,,,,,,,125,,3229,1619,372,,,,,,0.929
1913,Tri-State League,Wilmington,regular,,,,,66,45,,0.595,1,,,,,,,,,,,,,,,,,,,,,,,,,,,,,,,,,,,,,,,,,,,,,,,,,,,,,,,,,
1913,Tri-State League,Allentown,regular,,,,,59,52,,0.532,2,,,,,,,,,,,,,,,,,,,,,,,,,,,,,,,,,,,,,,,,,,,,,,,,,,,,,,,,,
1913,Tri-State League,Harrisburg,regular,,,,,59,52,,0.532,2,,,,,,,,,,,,,,,,,,,,,,,,,,,,,,,,,,,,,,,,,,,,,,,,,,,,,,,,,
1913,Tri-State League,York,regular,,,,,59,52,,0.532,2,,,,,,,,,,,,,,,,,,,,,,,,,,,,,,,,,,,,,,,,,,,,,,,,,,,,,,,,,
1913,Tri-State League,Trenton,regular,,,,,50,61,,0.45,5,,,,,,,,,,,,,,,,,,,,,,,,,,,,,,,,,,,,,,,,,,,,,,,,,,,,,,,,,
1913,Tri-State League,Atlantic City,regular,,,,,42,73,,0.365,6,,,,,,,,,,,,,,,,,,,,,,,,,,,,,,,,,,,,,,,,,,,,,,,,,,,,,,,,,
1913,Tri-State League,Wilmington,regular,,,,,,,,,,,,,3642,577,,1034,,,,,,,,,,,,175,,268,,0.284,,,,,,,,,,,,,,,,,,,,,,,,,,,,,,,,,,
1913,Tri-State League,York,regular,,,,,,,,,,,,,3692,478,,1037,,,,,,,,,,,,161,,215,,0.281,,,,,,,,,,,,,,,,,,,,,,,,,,,,,,,,,,
1913,Tri-State League,Allentown,regular,,,,,,,,,,,,,3611,543,,996,,,,,,,,,,,,156,,227,,0.276,,,,,,,,,,,,,,,,,,,,,,,,,,,,,,,,,,
1913,Tri-State League,Trenton,regular,,,,,,,,,,,,,3743,496,,1025,,,,,,,,,,,,127,,175,,0.274,,,,,,,,,,,,,,,,,,,,,,,,,,,,,,,,,,
1913,Tri-State League,Harrisburg,regular,,,,,,,,,,,,,3603,529,,982,,,,,,,,,,,,143,,207,,0.273,,,,,,,,,,,,,,,,,,,,,,,,,,,,,,,,,,
1913,Tri-State League,Atlantic City,regular,,,,,,,,,,,,,3773,420,,906,,,,,,,,,,,,125,,154,,0.24,,,,,,,,,,,,,,,,,,,,,,,,,,,,,,,,,,
1913,Tri-State League,Wilmington,regular,,,,,,,,,,,,,,,,,,,156,61,32,,,,,,,,,,,,,,,,,,,,,,,,,,,,,,,,,,,,,,,,,,,,,
1913,Tri-State League,York,regular,,,,,,,,,,,,,,,,,,,136,62,23,,,,,,,,,,,,,,,,,,,,,,,,,,,,,,,,,,,,,,,,,,,,,
1913,Tri-State League,Allentown,regular,,,,,,,,,,,,,,,,,,,134,58,26,,,,,,,,,,,,,,,,,,,,,,,,,,,,,,,,,,,,,,,,,,,,,
1913,Tri-State League,Trenton,regular,,,,,,,,,,,,,,,,,,,186,36,28,,,,,,,,,,,,,,,,,,,,,,,,,,,,,,,,,,,,,,,,,,,,,
1913,Tri-State League,Harrisburg,regular,,,,,,,,,,,,,,,,,,,142,60,24,,,,,,,,,,,,,,,,,,,,,,,,,,,,,,,,,,,,,,,,,,,,,
1913,Tri-State League,Atlantic City,regular,,,,,,,,,,,,,,,,,,,152,42,14,,,,,,,,,,,,,,,,,,,,,,,,,,,,,,,,,,,,,,,,,,,,,
1913,Tri-State League,Harrisburg,regular,,,,,,,,,,,,,,,,,,,,,,,,,,,,,,,,,,,,,,,,,,,,,,,,,,,,,,,,,,2881,1471,178,,,,,,0.961
1913,Tri-State League,Allentown,regular,,,,,,,,,,,,,,,,,,,,,,,,,,,,,,,,,,,,,,,,,,,,,,,,,,,,,,,,,,2864,1432,192,,,,,,0.957
1913,Tri-State League,York,regular,,,,,,,,,,,,,,,,,,,,,,,,,,,,,,,,,,,,,,,,,,,,,,,,,,,,,,,,,,2933,1501,209,,,,,,0.955
1913,Tri-State League,Wilmington,regular,,,,,,,,,,,,,,,,,,,,,,,,,,,,,,,,,,,,,,,,,,,,,,,,,,,,,,,,,,2990,1515,226,,,,,,0.952
1913,Tri-State League,Atlantic City,regular,,,,,,,,,,,,,,,,,,,,,,,,,,,,,,,,,,,,,,,,,,,,,,,,,,,,,,,,,,2982,1370,234,,,,,,0.949
1913,Tri-State League,Trenton,regular,,,,,,,,,,,,,,,,,,,,,,,,,,,,,,,,,,,,,,,,,,,,,,,,,,,,,,,,,,2865,1509,269,,,,,,0.943
1913,Union Association,Great Falls,regular,,,,,78,42,,0.65,1,,,,,,,,,,,,,,,,,,,,,,,,,,,,,,,,,,,,,,,,,,,,,,,,,,,,,,,,,
1913,Union Association,Salt Lake City,regular,,,,,75,47,,0.615,2,,,,,,,,,,,,,,,,,,,,,,,,,,,,,,,,,,,,,,,,,,,,,,,,,,,,,,,,,
1913,Union Association,Butte,regular,,,,,54,64,,0.458,3,,,,,,,,,,,,,,,,,,,,,,,,,,,,,,,,,,,,,,,,,,,,,,,,,,,,,,,,,
1913,Union Association,Missoula,regular,,,,,54,68,,0.443,4,,,,,,,,,,,,,,,,,,,,,,,,,,,,,,,,,,,,,,,,,,,,,,,,,,,,,,,,,
1913,Union Association,Helena,regular,,,,,52,67,,0.437,5,,,,,,,,,,,,,,,,,,,,,,,,,,,,,,,,,,,,,,,,,,,,,,,,,,,,,,,,,
1913,Union Association,Ogden,regular,,,,,49,74,,0.398,6,,,,,,,,,,,,,,,,,,,,,,,,,,,,,,,,,,,,,,,,,,,,,,,,,,,,,,,,,
1913,Union Association,Salt Lake City,regular,,,,,,,,,,,121,,4254,856,,1324,,,231,93,53,,,,,,,161,,196,,0.311,,,,,,,,,,,,,,,,,,,,,,,,,,,,,,,,,,
1913,Union Association,Butte,regular,,,,,,,,,,,117,,3789,620,,1101,,,157,82,27,,,,,,,170,,148,,0.291,,,,,,,,,,,,,,,,,,,,,,,,,,,,,,,,,,
1913,Union Association,Helena,regular,,,,,,,,,,,119,,3964,656,,1121,,,194,68,28,,,,,,,143,,142,,0.283,,,,,,,,,,,,,,,,,,,,,,,,,,,,,,,,,,
1913,Union Association,Great Falls,regular,,,,,,,,,,,120,,3843,612,,1086,,,138,62,29,,,,,,,249,,228,,0.282,,,,,,,,,,,,,,,,,,,,,,,,,,,,,,,,,,
1913,Union Association,Missoula,regular,,,,,,,,,,,122,,4277,755,,1205,,,201,69,27,,,,,,,186,,197,,0.281,,,,,,,,,,,,,,,,,,,,,,,,,,,,,,,,,,
1913,Union Association,Ogden,regular,,,,,,,,,,,123,,3999,634,,1073,,,197,51,36,,,,,,,122,,118,,0.268,,,,,,,,,,,,,,,,,,,,,,,,,,,,,,,,,,
1913,Union Association,Great Falls,regular,,,,,,,,,,,,,,,,,,,,,,,,,,,,,,,,,,,,,,,,,,,,,,,,,,,,,,,,120,,3174,1505,221,88,,,,,0.954
1913,Union Association,Helena,regular,,,,,,,,,,,,,,,,,,,,,,,,,,,,,,,,,,,,,,,,,,,,,,,,,,,,,,,,119,,3157,1410,241,81,,,,,0.949
1913,Union Association,Salt Lake,regular,,,,,,,,,,,,,,,,,,,,,,,,,,,,,,,,,,,,,,,,,,,,,,,,,,,,,,,,121,,3200,1550,274,109,,,,,0.945
1913,Union Association,Butte,regular,,,,,,,,,,,,,,,,,,,,,,,,,,,,,,,,,,,,,,,,,,,,,,,,,,,,,,,,117,,2970,1139,244,66,,,,,0.943
1913,Union Association,Missoula,regular,,,,,,,,,,,,,,,,,,,,,,,,,,,,,,,,,,,,,,,,,,,,,,,,,,,,,,,,122,,3160,1556,336,85,,,,,0.94
1913,Union Association,Ogden,regular,,,,,,,,,,,,,,,,,,,,,,,,,,,,,,,,,,,,,,,,,,,,,,,,,,,,,,,,123,,3058,1638,342,92,,,,,0.932
1913,Virginia League,Petersburg,regular,,,,,89,46,,0.659,1,,,,,,,,,,,,,,,,,,,,,,,,,,,,,,,,,,,,,,,,,,,,,,,,,,,,,,,,,
1913,Virginia League,Roanoke,regular,,,,,82,57,,0.59,2,,,,,,,,,,,,,,,,,,,,,,,,,,,,,,,,,,,,,,,,,,,,,,,,,,,,,,,,,
1913,Virginia League,Richmond,regular,,,,,74,60,,0.552,3,,,,,,,,,,,,,,,,,,,,,,,,,,,,,,,,,,,,,,,,,,,,,,,,,,,,,,,,,
1913,Virginia League,Portsmouth,regular,,,,,57,77,,0.426,4,,,,,,,,,,,,,,,,,,,,,,,,,,,,,,,,,,,,,,,,,,,,,,,,,,,,,,,,,
1913,Virginia League,Newport News,regular,,,,,53,83,,0.39,5,,,,,,,,,,,,,,,,,,,,,,,,,,,,,,,,,,,,,,,,,,,,,,,,,,,,,,,,,
1913,Virginia League,Norfolk,regular,,,,,51,83,,0.381,6,,,,,,,,,,,,,,,,,,,,,,,,,,,,,,,,,,,,,,,,,,,,,,,,,,,,,,,,,
1913,Virginia League,Roanoke,regular,,,,,,,,,,,139,,4619,604,,1172,,,152,57,10,,359,,589,,,144,,234,,0.254,,,,,,,,,,,,,,,,,,,,,,,,,,,,,,,,,,
1913,Virginia League,Richmond,regular,,,,,,,,,,,134,,4501,556,,1135,,,149,63,25,,341,,670,,,137,,328,,0.252,,,,,,,,,,,,,,,,,,,,,,,,,,,,,,,,,,
1913,Virginia League,Portsmouth,regular,,,,,,,,,,,134,,4413,495,,1072,,,148,45,31,,416,,670,,,139,,248,,0.244,,,,,,,,,,,,,,,,,,,,,,,,,,,,,,,,,,
1913,Virginia League,Norfolk,regular,,,,,,,,,,,134,,4441,486,,1074,,,170,27,21,,324,,577,,,188,,231,,0.242,,,,,,,,,,,,,,,,,,,,,,,,,,,,,,,,,,
1913,Virginia League,Petersburg,regular,,,,,,,,,,,135,,4605,516,,1068,,,202,61,32,,336,,530,,,199,,224,,0.232,,,,,,,,,,,,,,,,,,,,,,,,,,,,,,,,,,
1913,Virginia League,Newport News,regular,,,,,,,,,,,136,,4442,439,,996,,,140,43,18,,358,,702,,,349,,204,,0.224,,,,,,,,,,,,,,,,,,,,,,,,,,,,,,,,,,
1913,Virginia League,Roanoke,regular,,,,,,,,,,,,,,,,,,,,,,,,,,,,,,,,,,,,,,,,,,,,,,,,,,,,,,,,139,,3890,1692,253,,,,,,0.957
1913,Virginia League,Newport News,regular,,,,,,,,,,,,,,,,,,,,,,,,,,,,,,,,,,,,,,,,,,,,,,,,,,,,,,,,136,,4010,1865,320,,,,,,0.948
1913,Virginia League,Richmond,regular,,,,,,,,,,,,,,,,,,,,,,,,,,,,,,,,,,,,,,,,,,,,,,,,,,,,,,,,134,,3738,1588,289,,,,,,0.948
1913,Virginia League,Norfolk,regular,,,,,,,,,,,,,,,,,,,,,,,,,,,,,,,,,,,,,,,,,,,,,,,,,,,,,,,,134,,3623,1857,298,,,,,,0.948
1913,Virginia League,Portsmouth,regular,,,,,,,,,,,,,,,,,,,,,,,,,,,,,,,,,,,,,,,,,,,,,,,,,,,,,,,,134,,3993,1615,321,,,,,,0.946
1913,Virginia League,Petersburg,regular,,,,,,,,,,,,,,,,,,,,,,,,,,,,,,,,,,,,,,,,,,,,,,,,,,,,,,,,135,,3784,1860,465,,,,,,0.924
1913,Western Tri-State League,Walla Walla,regular/first,,,,,45,20,,0.692,1,,,,,,,,,,,,,,,,,,,,,,,,,,,,,,,,,,,,,,,,,,,,,,,,,,,,,,,,,
1913,Western Tri-State League,Boise,regular/first,,,,,40,23,,0.635,2,,,,,,,,,,,,,,,,,,,,,,,,,,,,,,,,,,,,,,,,,,,,,,,,,,,,,,,,,
1913,Western Tri-State League,Pendleton,regular/first,,,,,31,29,,0.517,3,,,,,,,,,,,,,,,,,,,,,,,,,,,,,,,,,,,,,,,,,,,,,,,,,,,,,,,,,
1913,Western Tri-State League,North Yakima,regular/first,,,,,30,34,,0.469,4,,,,,,,,,,,,,,,,,,,,,,,,,,,,,,,,,,,,,,,,,,,,,,,,,,,,,,,,,
1913,Western Tri-State League,Baker,regular/first,,,,,,,,,,,,,,,,,,,,,,,,,,,,,,,,,,,,,,,,,,,,,,,,,,,,,,,,,,,,,,,,,,
1913,Western Tri-State League,La Grande,regular/first,,,,,,,,,,,,,,,,,,,,,,,,,,,,,,,,,,,,,,,,,,,,,,,,,,,,,,,,,,,,,,,,,,
1913,Western Tri-State League,Boise,regular/second,,,,,32,22,,0.593,1,,,,,,,,,,,,,,,,,,,,,,,,,,,,,,,,,,,,,,,,,,,,,,,,,,,,,,,,,
1913,Western Tri-State League,North Yakima,regular/second,,,,,27,27,,0.5,2,,,,,,,,,,,,,,,,,,,,,,,,,,,,,,,,,,,,,,,,,,,,,,,,,,,,,,,,,
1913,Western Tri-State League,Walla Walla,regular/second,,,,,26,28,,0.491,3,,,,,,,,,,,,,,,,,,,,,,,,,,,,,,,,,,,,,,,,,,,,,,,,,,,,,,,,,
1913,Western Tri-State League,Pendleton,regular/second,,,,,23,31,,0.434,4,,,,,,,,,,,,,,,,,,,,,,,,,,,,,,,,,,,,,,,,,,,,,,,,,,,,,,,,,
1913,Wisconsin-Illinois League,Oshkosh,regular,,,,,75,46,,0.62,1,,,,,,,,,,,,,,,,,,,,,,,,,,,,,,,,,,,,,,,,,,,,,,,,,,,,,,,,,
1913,Wisconsin-Illinois League,Racine,regular,,,,,72,51,,0.585,2,,,,,,,,,,,,,,,,,,,,,,,,,,,,,,,,,,,,,,,,,,,,,,,,,,,,,,,,,
1913,Wisconsin-Illinois League,Green Bay,regular,,,,,69,57,,0.548,3,,,,,,,,,,,,,,,,,,,,,,,,,,,,,,,,,,,,,,,,,,,,,,,,,,,,,,,,,
1913,Wisconsin-Illinois League,Rockford,regular,,,,,63,57,,0.525,4,,,,,,,,,,,,,,,,,,,,,,,,,,,,,,,,,,,,,,,,,,,,,,,,,,,,,,,,,
1913,Wisconsin-Illinois League,Fond du Lac,regular,,,,,63,60,,0.512,5,,,,,,,,,,,,,,,,,,,,,,,,,,,,,,,,,,,,,,,,,,,,,,,,,,,,,,,,,
1913,Wisconsin-Illinois League,Madison,regular,,,,,64,61,,0.512,6,,,,,,,,,,,,,,,,,,,,,,,,,,,,,,,,,,,,,,,,,,,,,,,,,,,,,,,,,
1913,Wisconsin-Illinois League,Wausau,regular,,,,,45,80,,0.36,7,,,,,,,,,,,,,,,,,,,,,,,,,,,,,,,,,,,,,,,,,,,,,,,,,,,,,,,,,
1913,Wisconsin-Illinois League,Appleton,regular,,,,,43,82,,0.344,8,,,,,,,,,,,,,,,,,,,,,,,,,,,,,,,,,,,,,,,,,,,,,,,,,,,,,,,,,
1913,Wisconsin-Illinois League,Green Bay,regular,,,,,,,,,,,127,,4204,591,,1108,1583,,172,63,59,,318,,661,,,108,,236,,0.263,,,,,,,,,,,,,,,,,,,,,,,,,,,,,,,,,,
1913,Wisconsin-Illinois League,Madison,regular,,,,,,,,,,,127,,4430,547,,1134,1575,,231,15,60,,341,,553,,,170,,178,,0.256,,,,,,,,,,,,,,,,,,,,,,,,,,,,,,,,,,
1913,Wisconsin-Illinois League,Fond du Lac,regular,,,,,,,,,,,126,,4119,468,,1022,1422,,165,29,59,,271,,772,,,148,,178,,0.248,,,,,,,,,,,,,,,,,,,,,,,,,,,,,,,,,,
1913,Wisconsin-Illinois League,Oshkosh,regular,,,,,,,,,,,121,,4040,570,,999,1447,,185,19,75,,386,,610,,,125,,158,,0.247,,,,,,,,,,,,,,,,,,,,,,,,,,,,,,,,,,
1913,Wisconsin-Illinois League,Rockford,regular,,,,,,,,,,,122,,4039,472,,967,1247,,140,31,26,,373,,632,,,62,,177,,0.239,,,,,,,,,,,,,,,,,,,,,,,,,,,,,,,,,,
1913,Wisconsin-Illinois League,Appleton,regular,,,,,,,,,,,126,,4036,431,,958,1322,,147,26,55,,298,,581,,,133,,191,,0.237,,,,,,,,,,,,,,,,,,,,,,,,,,,,,,,,,,
1913,Wisconsin-Illinois League,Racine,regular,,,,,,,,,,,125,,3921,465,,904,1204,,141,30,33,,349,,709,,,153,,220,,0.231,,,,,,,,,,,,,,,,,,,,,,,,,,,,,,,,,,
1913,Wisconsin-Illinois League,Wausau,regular,,,,,,,,,,,126,,4161,469,,993,1306,,181,18,32,,353,,688,,,98,,146,,0.224,,,,,,,,,,,,,,,,,,,,,,,,,,,,,,,,,,
1913,Wisconsin-Illinois League,Racine,regular,,,,,,,,,,,,,,,,,,,,,,,,,,,,,,,,,,,,,,,,,,,,,,,,,,,,,,,,125,,3304,1480,190,,,,,,0.961
1913,Wisconsin-Illinois League,Madison,regular,,,,,,,,,,,,,,,,,,,,,,,,,,,,,,,,,,,,,,,,,,,,,,,,,,,,,,,,127,,3360,1572,230,,,,,,0.956
1913,Wisconsin-Illinois League,Oshkosh,regular,,,,,,,,,,,,,,,,,,,,,,,,,,,,,,,,,,,,,,,,,,,,,,,,,,,,,,,,121,,3242,1409,214,,,,,,0.956
1913,Wisconsin-Illinois League,Green Bay,regular,,,,,,,,,,,,,,,,,,,,,,,,,,,,,,,,,,,,,,,,,,,,,,,,,,,,,,,,127,,3339,1559,240,,,,,,0.954
1913,Wisconsin-Illinois League,Rockford,regular,,,,,,,,,,,,,,,,,,,,,,,,,,,,,,,,,,,,,,,,,,,,,,,,,,,,,,,,122,,3273,1616,241,,,,,,0.954
1913,Wisconsin-Illinois League,Appleton,regular,,,,,,,,,,,,,,,,,,,,,,,,,,,,,,,,,,,,,,,,,,,,,,,,,,,,,,,,126,,3242,1669,252,,,,,,0.952
1913,Wisconsin-Illinois League,Wausau,regular,,,,,,,,,,,,,,,,,,,,,,,,,,,,,,,,,,,,,,,,,,,,,,,,,,,,,,,,126,,3276,1515,250,,,,,,0.951
1913,Wisconsin-Illinois League,Fond du Lac,regular,,,,,,,,,,,,,,,,,,,,,,,,,,,,,,,,,,,,,,,,,,,,,,,,,,,,,,,,126,,3312,1585,274,,,,,,0.947
